{
    "BaseStats": {
        "Name": "Bloodhound",
        "ManufacturerName": "Kar",
        "Type": 1,
        "Mass": 650.0,
        "MagnetStrength": 0.0,
        "MagnetDistance": 0.0,
        "TurningDecay": 30.0,
        "OverTurningDecayMultiplier": 4.0,
        "DragCoefficient": 0.18000000715255738,
        "AngularDragCoefficient": 0.10000000149011612,
        "CollisionCooldownTime": 0.30000001192092898,
        "WaterAffinity": 0.0,
        "IsColorable": false,
        "DefaultColor": {
            "r": 1.0,
            "g": 1.0,
            "b": 1.0,
            "a": 1.0
        },
        "CarDecals": [
            {
                "Name": "",
                "FileName": "",
                "Hidden": false
            }
        ],
        "EquippedDecal": "",
        "CarRarity": 0,
        "MinRarity": 5,
        "CenterOffset": {
            "x": 0.0,
            "y": 0.5699999928474426,
            "z": 0.17000001668930055
        }
    },
    "StockStats": {
        "Grip": 4.0,
        "BrakePower": 15.0,
        "TurningSpeed": 0.800000011920929,
        "TurningSpeedMax": 0.09000000357627869,
        "AirBrakePower": 0.8999999761581421,
        "AirRotationSpeed": 3.0,
        "RocketPower": 20.0,
        "DriftBoost": 2.0,
        "TopSpeed": 80.0,
        "ZeroPowerSpeed": 100.0
    },
    "MaxedStats": {
        "Grip": 0.0,
        "BrakePower": 0.0,
        "TurningSpeed": 0.0,
        "TurningSpeedMax": 0.0,
        "AirBrakePower": 0.0,
        "AirRotationSpeed": 0.0,
        "RocketPower": 0.0,
        "DriftBoost": 0.0,
        "TopSpeed": 0.0,
        "ZeroPowerSpeed": 0.0
    },
    "Upgrades": {
        "Upgradeable": true,
        "Upgrades": [
            {
                "UpgradeName": "Rudder",
                "UpgradeStats": [
                    "TurningSpeed"
                ],
                "UpgradeWeights": [
                    1.0
                ],
                "Equipped": false,
                "Bought": false,
                "MinimumRarity": 0
            },
            {
                "UpgradeName": "Side Intakes",
                "UpgradeStats": [
                    "DriftBoost"
                ],
                "UpgradeWeights": [
                    3.0
                ],
                "Equipped": false,
                "Bought": false,
                "MinimumRarity": 0
            },
            {
                "UpgradeName": "Aero Package",
                "UpgradeStats": [
                    "AirRotationSpeed",
                    "AirBrakePower"
                ],
                "UpgradeWeights": [
                    1.0,
                    0.4000000059604645
                ],
                "Equipped": false,
                "Bought": false,
                "MinimumRarity": 0
            },
            {
                "UpgradeName": "Aftermarket Rockets",
                "UpgradeStats": [
                    "RocketPower"
                ],
                "UpgradeWeights": [
                    14.0
                ],
                "Equipped": false,
                "Bought": false,
                "MinimumRarity": 0
            },
            {
                "UpgradeName": "Upgraded Intakes",
                "UpgradeStats": [
                    "TopSpeed",
                    "ZeroPowerSpeed"
                ],
                "UpgradeWeights": [
                    10.0,
                    25.0
                ],
                "Equipped": false,
                "Bought": false,
                "MinimumRarity": 0
            },
            {
                "UpgradeName": "Race Tires",
                "UpgradeStats": [
                    "Grip"
                ],
                "UpgradeWeights": [
                    1.0
                ],
                "Equipped": false,
                "Bought": false,
                "MinimumRarity": 0
            },
            {
                "UpgradeName": "Ultimate Package(Debug)",
                "UpgradeStats": [
                    "Grip",
                    "BrakePower",
                    "AirBrakePower",
                    "AirRotationSpeed",
                    "TurningSpeed",
                    "TurningSpeedMax",
                    "RocketPower",
                    "DriftBoost",
                    "TopSpeed",
                    "ZeroPowerSpeed"
                ],
                "UpgradeWeights": [
                    10.0,
                    20.0,
                    2.0,
                    10.0,
                    -0.10000000149011612,
                    0.20000000298023225,
                    30.0,
                    30.0,
                    40.0,
                    40.0
                ],
                "Equipped": false,
                "Bought": false,
                "MinimumRarity": 0
            }
        ]
    },
    "Customizations": {
        "CustomizationParts": []
    },
    "CarColor": {
        "r": 1.0,
        "g": 0.0,
        "b": 1.0,
        "a": 1.0
    },
    "AllWheels": [
        {
            "WheelMeshName": "Halo",
            "IsSteering": true,
            "MaxSteerAngle": 3.0,
            "WheelRadius": 0.5099999904632568,
            "SteerLerpSpeed": 250.0,
            "WheelType": 2,
            "SuspensionStiffness": 30000.0,
            "SuspensionDamping": 2800.0,
            "SuspensionTravel": 0.3400000035762787,
            "SuspensionRestLength": 0.25,
            "WheelThickness": 0.7689999938011169,
            "WheelOffset": {
                "x": -0.6190000176429749,
                "y": 0.125,
                "z": -1.3209999799728394
            }
        },
        {
            "WheelMeshName": "Halo",
            "IsSteering": true,
            "MaxSteerAngle": 3.0,
            "WheelRadius": 0.5099999904632568,
            "SteerLerpSpeed": 250.0,
            "WheelType": 2,
            "SuspensionStiffness": 30000.0,
            "SuspensionDamping": 2800.0,
            "SuspensionTravel": 0.3400000035762787,
            "SuspensionRestLength": 0.25,
            "WheelThickness": 0.7689999938011169,
            "WheelOffset": {
                "x": 0.6190000176429749,
                "y": 0.125,
                "z": -1.321000099182129
            }
        },
        {
            "WheelMeshName": "Halo",
            "IsSteering": true,
            "MaxSteerAngle": 45.0,
            "WheelRadius": 0.5099999904632568,
            "SteerLerpSpeed": 250.0,
            "WheelType": 0,
            "SuspensionStiffness": 30000.0,
            "SuspensionDamping": 2800.0,
            "SuspensionTravel": 0.3400000035762787,
            "SuspensionRestLength": 0.25,
            "WheelThickness": 0.7689999938011169,
            "WheelOffset": {
                "x": -0.6190000176429749,
                "y": 0.125,
                "z": 0.8330000042915344
            }
        },
        {
            "WheelMeshName": "Halo",
            "IsSteering": true,
            "MaxSteerAngle": 45.0,
            "WheelRadius": 0.5099999904632568,
            "SteerLerpSpeed": 250.0,
            "WheelType": 0,
            "SuspensionStiffness": 30000.0,
            "SuspensionDamping": 2800.0,
            "SuspensionTravel": 0.3400000035762787,
            "SuspensionRestLength": 0.25,
            "WheelThickness": 0.7689999938011169,
            "WheelOffset": {
                "x": 0.6190000176429749,
                "y": 0.125,
                "z": 0.8330000042915344
            }
        }
    ],
    "AllRockets": [
        {
            "FireNormalColor": {
                "r": 1.0,
                "g": 0.6222895383834839,
                "b": 0.12735849618911744,
                "a": 0.501960813999176
            },
            "FireBoostedColor": {
                "r": 1.0,
                "g": 0.6222895383834839,
                "b": 1.0,
                "a": 0.501960813999176
            },
            "DarkFireNormalColor": {
                "r": 1.0,
                "g": 0.23511335253715516,
                "b": 0.0,
                "a": 0.501960813999176
            },
            "DarkFireBoostedColor": {
                "r": 1.0,
                "g": 0.23511335253715516,
                "b": 1.0,
                "a": 0.501960813999176
            },
            "BoostedThreshold": 18.0,
            "BoostLimit": 28.0,
            "RocketOffset": {
                "x": 0.0,
                "y": 0.0860000029206276,
                "z": -1.4149999618530274
            },
            "RocketScale": {
                "x": 0.36662840843200686,
                "y": 0.36662840843200686,
                "z": 0.36662840843200686
            },
            "RocketRotation": {
                "x": 90.0,
                "y": 180.0,
                "z": 0.0
            }
        }
    ],
    "AllLights": [
        {
            "LightIndex": "headlight",
            "LightType": "spot",
            "LightAngle": 72.30000305175781,
            "LightRange": 0.0,
            "LightPower": 10.0,
            "LightColor": {
                "r": 0.5944290161132813,
                "g": 1.0,
                "b": 0.5896226167678833,
                "a": 1.0
            },
            "LightOffset": {
                "x": 0.16042999923229218,
                "y": 0.004000000189989805,
                "z": 1.350000023841858
            },
            "LightRotation": {
                "x": 14.99997329711914,
                "y": 0.0,
                "z": 0.0
            }
        },
        {
            "LightIndex": "headlight",
            "LightType": "spot",
            "LightAngle": 72.30000305175781,
            "LightRange": 0.0,
            "LightPower": 10.0,
            "LightColor": {
                "r": 0.5944290161132813,
                "g": 1.0,
                "b": 0.5896226167678833,
                "a": 1.0
            },
            "LightOffset": {
                "x": -0.16042999923229218,
                "y": 0.004000000189989805,
                "z": 1.350000023841858
            },
            "LightRotation": {
                "x": 14.99997329711914,
                "y": 0.0,
                "z": 0.0
            }
        }
    ],
    "AllDecals": []
}
