{
    "BaseStats": {
        "Name": "Spear",
        "ManufacturerName": "Bloodhound",
        "Type": 0,
        "Mass": 950.0,
        "MagnetStrength": 5.0,
        "MagnetDistance": 75.0,
        "TurningDecay": 150.0,
        "OverTurningDecayMultiplier": 2.0,
        "DragCoefficient": 0.08,
        "AngularDragCoefficient": 0.30000001192092898,
        "CollisionCooldownTime": 1.0,
        "WaterAffinity": 0.20000000298023225,
        "IsColorable": true,
        "DefaultColor": {
            "r": 0.0,
            "g": 1.0,
            "b": 0.1647663116455078,
            "a": 0.0
        },
        "CarDecals": [
            {
                "Name": "",
                "FileName": "",
                "Hidden": false
            }
        ],
        "EquippedDecal": "",
        "CarRarity": 0,
        "MinRarity": 2,
        "CenterOffset": {
            "x": 0.0,
            "y": 0.0,
            "z": -0.15000000596046449
        }
    },
    "StockStats": {
        "Grip": 6.5,
        "BrakePower": 20.0,
        "TurningSpeed": 3,
        "TurningSpeedMax": 0.5,
        "AirBrakePower": 0.699999988079071,
        "AirRotationSpeed": 6.400000095367432,
        "RocketPower": 8,
        "DriftBoost": 0.0,
        "TopSpeed": 55.0,
        "ZeroPowerSpeed": 75.0
    },
    "MaxedStats": {
        "Grip": 0.0,
        "BrakePower": 0.0,
        "TurningSpeed": 0.0,
        "TurningSpeedMax": 0.0,
        "AirBrakePower": 0.0,
        "AirRotationSpeed": 0.0,
        "RocketPower": 0.0,
        "DriftBoost": 0.0,
        "TopSpeed": 0.0,
        "ZeroPowerSpeed": 0.0
    },
    "Upgrades": {
        "Upgradeable": false,
        "Upgrades": []
    },
    "Customizations": {
        "CustomizationParts": [
            {
                "Name":"Carbon Bumper",
                "Type":3,
                "Equipped":false,
                "Purchased":false,
                "MinRarity":1,
                "Hidden":false,

                "CustomizationFileName":"CarbonSplitter"
            },
            {
                "Name":"Carbon Diffuser",
                "Type":4,
                "Equipped":false,
                "Purchased":false,
                "MinRarity":1,
                "Hidden":false,

                "CustomizationFileName":"CarbonDiffuser"
            },
            {
                "Name":"Carbon Fender Fins",
                "Type":0,
                "Equipped":false,
                "Purchased":false,
                "MinRarity":1,
                "Hidden":false,

                "CustomizationFileName":"CarbonFenderFins"
            },
            {
                "Name":"Hyper Splitter",
                "Type":3,
                "Equipped":false,
                "Purchased":false,
                "MinRarity":5,
                "Hidden":true,

                "CustomizationFileName":"HyperSplitter"
            },
            {
                "Name":"Hyper Wing",
                "Type":5,
                "Equipped":false,
                "Purchased":false,
                "MinRarity":5,
                "Hidden":true,

                "CustomizationFileName":"HyperWing"
            },
            {
                "Name":"Hyper Diffuser",
                "Type":4,
                "Equipped":false,
                "Purchased":false,
                "MinRarity":4,
                "Hidden":true,

                "CustomizationFileName":"HyperDiffuser"
            }            
        ]
    },
    "CarColor": {
        "r": 1.0,
        "g": 1.0,
        "b": 1.0,
        "a": 1.0
    },
    "AllWheels": [
        {
            "WheelMeshName": "Halo",
            "IsSteering": true,
            "MaxSteerAngle": 3.0,
            "WheelRadius": 0.27000001072883608,
            "SteerLerpSpeed": 250.0,
            "WheelType": 2,
            "SuspensionStiffness": 450000.0,
            "SuspensionDamping": 9000.0,
            "SuspensionTravel": 0.3400000035762787,
            "SuspensionRestLength": 0.04499999582767487,
            "WheelThickness": 0.7162327170372009,
            "WheelOffset": {
                "x": -0.46399998664855959,
                "y": 0.06599998474121094,
                "z": -1.100000023841858
            }
        },
        {
            "WheelMeshName": "Halo",
            "IsSteering": true,
            "MaxSteerAngle": 3.0,
            "WheelRadius": 0.27000001072883608,
            "SteerLerpSpeed": 250.0,
            "WheelType": 2,
            "SuspensionStiffness": 450000.0,
            "SuspensionDamping": 9000.0,
            "SuspensionTravel": 0.3400000035762787,
            "SuspensionRestLength": 0.04499999582767487,
            "WheelThickness": 0.7162327170372009,
            "WheelOffset": {
                "x": 0.46399998664855959,
                "y": 0.06599998474121094,
                "z": -1.100000023841858
            }
        },
        {
            "WheelMeshName": "Halo",
            "IsSteering": true,
            "MaxSteerAngle": 45.0,
            "WheelRadius": 0.2199999988079071,
            "SteerLerpSpeed": 250.0,
            "WheelType": 0,
            "SuspensionStiffness": 450000.0,
            "SuspensionDamping": 9000.0,
            "SuspensionTravel": 0.3400000035762787,
            "SuspensionRestLength": 0.04000000059604646,
            "WheelThickness": 0.4362049996852875,
            "WheelOffset": {
                "x": -0.4700000286102295,
                "y": 0.010999977588653565,
                "z": 0.6859999895095825
            }
        },
        {
            "WheelMeshName": "Halo",
            "IsSteering": true,
            "MaxSteerAngle": 45.0,
            "WheelRadius": 0.2199999988079071,
            "SteerLerpSpeed": 250.0,
            "WheelType": 0,
            "SuspensionStiffness": 450000.0,
            "SuspensionDamping": 9000.0,
            "SuspensionTravel": 0.3400000035762787,
            "SuspensionRestLength": 0.04000000059604646,
            "WheelThickness": 0.4362049996852875,
            "WheelOffset": {
                "x": 0.4700000286102295,
                "y": 0.010999977588653565,
                "z": 0.6859999895095825
            }
        }
    ],
    "AllRockets": [
        {
            "FireNormalColor": {
                "r": 1.0,
                "g": 0.6222895383834839,
                "b": 0.12735849618911744,
                "a": 0.501960813999176
            },
            "FireBoostedColor": {
                "r": 1.0,
                "g": 0.6222895383834839,
                "b": 1.0,
                "a": 0.501960813999176
            },
            "DarkFireNormalColor": {
                "r": 1.0,
                "g": 0.23511335253715516,
                "b": 0.0,
                "a": 0.501960813999176
            },
            "DarkFireBoostedColor": {
                "r": 1.0,
                "g": 0.23511335253715516,
                "b": 1.0,
                "a": 0.501960813999176
            },
            "BoostedThreshold": 0.0,
            "BoostLimit": 0.0,
            "RocketOffset": {
                "x": -0.5,
                "y": 0.3580000102519989,
                "z": -1.444000005722046
            },
            "RocketScale": {
                "x": 0.1295151710510254,
                "y": 0.1295151710510254,
                "z": 0.12951520085334779
            },
            "RocketRotation": {
                "x": 82.9052505493164,
                "y": 177.5296173095703,
                "z": 357.4693603515625
            }
        },
        {
            "FireNormalColor": {
                "r": 1.0,
                "g": 0.6222895383834839,
                "b": 0.12735849618911744,
                "a": 0.501960813999176
            },
            "FireBoostedColor": {
                "r": 1.0,
                "g": 0.6222895383834839,
                "b": 1.0,
                "a": 0.501960813999176
            },
            "DarkFireNormalColor": {
                "r": 1.0,
                "g": 0.23511335253715516,
                "b": 0.0,
                "a": 0.501960813999176
            },
            "DarkFireBoostedColor": {
                "r": 1.0,
                "g": 0.23511335253715516,
                "b": 1.0,
                "a": 0.501960813999176
            },
            "BoostedThreshold": 0.0,
            "BoostLimit": 0.0,
            "RocketOffset": {
                "x": 0.5,
                "y": 0.3580000102519989,
                "z": -1.444000005722046
            },
            "RocketScale": {
                "x": 0.1295151710510254,
                "y": 0.1295151710510254,
                "z": 0.12951520085334779
            },
            "RocketRotation": {
                "x": 82.9052505493164,
                "y": 177.5296173095703,
                "z": 357.4693603515625
            }
        }
    ],
    "AllLights": [],
    "AllDecals": []
}