{
    "BaseStats": {
        "Name": "Hauler",
        "ManufacturerName": "Rocketeer",
        "Type": 0,
        "Mass": 6000.0,
        "MagnetStrength": 1.0,
        "MagnetDistance": 240.0,
        "TurningDecay": 40.0,
        "OverTurningDecayMultiplier": 5.0,
        "DragCoefficient": 0.25,
        "AngularDragCoefficient": 0.8,
        "CollisionCooldownTime": 0.3,
        "WaterAffinity": 0.0,
        "IsColorable": false,
        "DefaultColor": {
            "r": 0.5921568870544434,
            "g": 0.2352941334247589,
            "b": 0.11372549831867218,
            "a": 0.0
        },
        "CarDecals": [
            {
                "Name": "",
                "FileName": "",
                "Hidden": false
            }
        ],
        "EquippedDecal": "",
        "CarRarity": 0,
        "MinRarity": 0,
        "CenterOffset": {
            "x": 0.0,
            "y": 0.0,
            "z": 0.0
        }
    },
    "StockStats": {
        "Grip": 0.8,
        "BrakePower": 15.0,
        "TurningSpeed": 2.0,
        "TurningSpeedMax": 0.30000001192092898,
        "AirBrakePower": 0.20000000298023225,
        "AirRotationSpeed": 0.8999999761581421,
        "RocketPower": 20.0,
        "DriftBoost": 2.0,
        "TopSpeed": 65.0,
        "ZeroPowerSpeed": 75.0
    },
    "MaxedStats": {
        "Grip": 0.0,
        "BrakePower": 0.0,
        "TurningSpeed": 0.0,
        "TurningSpeedMax": 0.0,
        "AirBrakePower": 0.0,
        "AirRotationSpeed": 0.0,
        "RocketPower": 0.0,
        "DriftBoost": 0.0,
        "TopSpeed": 0.0,
        "ZeroPowerSpeed": 0.0
    },
    "Upgrades": {
        "Upgradeable": true,
        "Upgrades": [
            {
                "UpgradeName": "Rudder",
                "UpgradeStats": [
                    "TurningSpeed"
                ],
                "UpgradeWeights": [
                    1.0
                ],
                "Equipped": false,
                "Bought": false,
                "MinimumRarity": 0
            },
            {
                "UpgradeName": "Side Intakes",
                "UpgradeStats": [
                    "DriftBoost"
                ],
                "UpgradeWeights": [
                    3.0
                ],
                "Equipped": false,
                "Bought": false,
                "MinimumRarity": 0
            },
            {
                "UpgradeName": "Aero Package",
                "UpgradeStats": [
                    "AirRotationSpeed",
                    "AirBrakePower"
                ],
                "UpgradeWeights": [
                    1.0,
                    0.4000000059604645
                ],
                "Equipped": false,
                "Bought": false,
                "MinimumRarity": 0
            },
            {
                "UpgradeName": "Aftermarket Rockets",
                "UpgradeStats": [
                    "RocketPower"
                ],
                "UpgradeWeights": [
                    14.0
                ],
                "Equipped": false,
                "Bought": false,
                "MinimumRarity": 0
            },
            {
                "UpgradeName": "Upgraded Intakes",
                "UpgradeStats": [
                    "TopSpeed",
                    "ZeroPowerSpeed"
                ],
                "UpgradeWeights": [
                    10.0,
                    25.0
                ],
                "Equipped": false,
                "Bought": false,
                "MinimumRarity": 0
            },
            {
                "UpgradeName": "Race Tires",
                "UpgradeStats": [
                    "Grip"
                ],
                "UpgradeWeights": [
                    1.0
                ],
                "Equipped": false,
                "Bought": false,
                "MinimumRarity": 0
            },
            {
                "UpgradeName": "AeroFin",
                "UpgradeStats": [
                    "TurningSpeed"
                ],
                "UpgradeWeights": [
                    2.0
                ],
                "Equipped": false,
                "Bought": false,
                "MinimumRarity": 3
            },
            {
                "UpgradeName": "Sideways Aero Intakes",
                "UpgradeStats": [
                    "DriftBoost"
                ],
                "UpgradeWeights": [
                    6.0
                ],
                "Equipped": false,
                "Bought": false,
                "MinimumRarity": 3
            },
            {
                "UpgradeName": "Stunt Package",
                "UpgradeStats": [
                    "AirRotationSpeed",
                    "AirBrakePower"
                ],
                "UpgradeWeights": [
                    2.0,
                    0.4000000059604645
                ],
                "Equipped": false,
                "Bought": false,
                "MinimumRarity": 5
            },
            {
                "UpgradeName": "Afterburners",
                "UpgradeStats": [
                    "RocketPower"
                ],
                "UpgradeWeights": [
                    14.0
                ],
                "Equipped": false,
                "Bought": false,
                "MinimumRarity": 2
            },
            {
                "UpgradeName": "Streamlined Aero",
                "UpgradeStats": [
                    "TopSpeed",
                    "ZeroPowerSpeed"
                ],
                "UpgradeWeights": [
                    10.0,
                    25.0
                ],
                "Equipped": false,
                "Bought": false,
                "MinimumRarity": 4
            },
            {
                "UpgradeName": "Racing Slicks",
                "UpgradeStats": [
                    "Grip"
                ],
                "UpgradeWeights": [
                    4.0
                ],
                "Equipped": false,
                "Bought": false,
                "MinimumRarity": 5
            },
            {
                "UpgradeName": "Ultimate Package(Debug)",
                "UpgradeStats": [
                    "Grip",
                    "BrakePower",
                    "AirBrakePower",
                    "AirRotationSpeed",
                    "TurningSpeed",
                    "TurningSpeedMax",
                    "RocketPower",
                    "DriftBoost",
                    "TopSpeed",
                    "ZeroPowerSpeed"
                ],
                "UpgradeWeights": [
                    10.0,
                    20.0,
                    2.0,
                    10.0,
                    -0.10000000149011612,
                    0.20000000298023225,
                    30.0,
                    30.0,
                    40.0,
                    40.0
                ],
                "Equipped": false,
                "Bought": false,
                "MinimumRarity": 3
            }
        ]
    },
    "Customizations": {
        "CustomizationParts": [
                {
                  "Name":"Race Wing",
                  "Type":5,
                  "Equipped":false,
                  "Purchased":false,
                  "MinRarity":1,
                  "Hidden":false,

                  "CustomizationFileName":"HaulerWing"
                },
                {
                  "Name":"Drift Wing",
                  "Type":5,
                  "Equipped":false,
                  "Purchased":false,
                  "MinRarity":0,
                  "Hidden":true,

                  "CustomizationFileName":"HaulerFeWing"
                },
                {
                "Name":"Side Intakes",
                "Type":2,
                "Equipped":false,
                "Purchased":false,
                "MinRarity":0,
                "Hidden":false,

                "CustomizationFileName":"HaulerFeSideIntakes"
                }
]
    },
    "CarColor": {
        "r": 0.5921568870544434,
        "g": 0.2352941334247589,
        "b": 0.11372549831867218,
        "a": 0.0
    },
    "AllWheels": [
        {
            "WheelMeshName": "",
            "IsSteering": false,
            "MaxSteerAngle": 0.0,
            "WheelRadius": 0.2800000011920929,
            "SteerLerpSpeed": 0.0,
            "WheelType": 2,
            "SuspensionStiffness": 2000000.0,
            "SuspensionDamping": 120000.0,
            "SuspensionTravel": 0.3499999940395355,
            "SuspensionRestLength": 0.1599999964237213,
            "WheelThickness": 0.8199999928474426,
            "WheelOffset": {
                "x": -0.5220000147819519,
                "y": 0.04999994486570358,
                "z": -1.3019999265670777
            }
        },
        {
            "WheelMeshName": "",
            "IsSteering": false,
            "MaxSteerAngle": 0.0,
            "WheelRadius": 0.2800000011920929,
            "SteerLerpSpeed": 0.0,
            "WheelType": 2,
            "SuspensionStiffness": 2000000.0,
            "SuspensionDamping": 120000.0,
            "SuspensionTravel": 0.3499999940395355,
            "SuspensionRestLength": 0.1599999964237213,
            "WheelThickness": 0.8199999928474426,
            "WheelOffset": {
                "x": 0.5220000147819519,
                "y": 0.04999994486570358,
                "z": -1.3019999265670777
            }
        },
        {
            "WheelMeshName": "",
            "IsSteering": true,
            "MaxSteerAngle": 45.0,
            "WheelRadius": 0.2800000011920929,
            "SteerLerpSpeed": 250.0,
            "WheelType": 0,
            "SuspensionStiffness": 2000000.0,
            "SuspensionDamping": 120000.0,
            "SuspensionTravel": 0.3499999940395355,
            "SuspensionRestLength": 0.1599999964237213,
            "WheelThickness": 0.6200000047683716,
            "WheelOffset": {
                "x": -0.5460000038146973,
                "y": 0.05000000074505806,
                "z": 0.995999813079834
            }
        },
        {
            "WheelMeshName": "",
            "IsSteering": true,
            "MaxSteerAngle": 45.0,
            "WheelRadius": 0.2800000011920929,
            "SteerLerpSpeed": 250.0,
            "WheelType": 0,
            "SuspensionStiffness": 2000000.0,
            "SuspensionDamping": 120000.0,
            "SuspensionTravel": 0.3499999940395355,
            "SuspensionRestLength": 0.1599999964237213,
            "WheelThickness": 0.6200000047683716,
            "WheelOffset": {
                "x": 0.5460000038146973,
                "y": 0.05000000074505806,
                "z": 0.995999813079834
            }
        }
    ],
    "AllRockets": [
        {
            "FireNormalColor": {
                "r": 1.0,
                "g": 0.6222895383834839,
                "b": 0.12735849618911744,
                "a": 0.501960813999176
            },
            "FireBoostedColor": {
                "r": 1.0,
                "g": 0.6222895383834839,
                "b": 1.0,
                "a": 0.501960813999176
            },
            "DarkFireNormalColor": {
                "r": 1.0,
                "g": 0.23511335253715516,
                "b": 0.0,
                "a": 0.501960813999176
            },
            "DarkFireBoostedColor": {
                "r": 1.0,
                "g": 0.23511335253715516,
                "b": 1.0,
                "a": 0.501960813999176
            },
            "BoostedThreshold": 18.0,
            "BoostLimit": 28.0,
            "RocketOffset": {
                "x": 0.0,
                "y": 0.47999998927116396,
                "z": -1.7999999523162842
            },
            "RocketScale": {
                "x": 0.43829888105392458,
                "y": 0.43829888105392458,
                "z": 0.43829888105392458
            },
            "RocketRotation": {
                "x": 270.0,
                "y": 0.0,
                "z": 0.0
            }
        }
    ],
    "AllLights": [
        {
            "LightIndex": "headlight",
            "LightType": "spot",
            "LightAngle": 147.0636749267578,
            "LightRange": 0.0,
            "LightPower": 1000.0,
            "LightColor": {
                "r": 1.0,
                "g": 1.0,
                "b": 1.0,
                "a": 1.0
            },
            "LightOffset": {
                "x": -0.4830000102519989,
                "y": 0.052000001072883609,
                "z": 1.5410000085830689
            },
            "LightRotation": {
                "x": 0.0,
                "y": 0.0,
                "z": 0.0
            }
        },
        {
            "LightIndex": "headlight",
            "LightType": "spot",
            "LightAngle": 147.0636749267578,
            "LightRange": 0.0,
            "LightPower": 1000.0,
            "LightColor": {
                "r": 1.0,
                "g": 1.0,
                "b": 1.0,
                "a": 1.0
            },
            "LightOffset": {
                "x": 0.4830000102519989,
                "y": 0.052000001072883609,
                "z": 1.5410000085830689
            },
            "LightRotation": {
                "x": 0.0,
                "y": 0.0,
                "z": 0.0
            }
        },
        {
            "LightIndex": "taillight",
            "LightType": "spot",
            "LightAngle": 59.30387878417969,
            "LightRange": 0.0,
            "LightPower": 25.0,
            "LightColor": {
                "r": 1.0,
                "g": 0.0,
                "b": 0.0,
                "a": 1.0
            },
            "LightOffset": {
                "x": -0.6639999747276306,
                "y": 0.18400000035762788,
                "z": -1.8370000123977662
            },
            "LightRotation": {
                "x": 0.0,
                "y": 180.0,
                "z": 0.0
            }
        },
        {
            "LightIndex": "taillight",
            "LightType": "spot",
            "LightAngle": 59.30387878417969,
            "LightRange": 0.0,
            "LightPower": 25.0,
            "LightColor": {
                "r": 1.0,
                "g": 0.0,
                "b": 0.0,
                "a": 1.0
            },
            "LightOffset": {
                "x": 0.6639999747276306,
                "y": 0.18400000035762788,
                "z": -1.8370000123977662
            },
            "LightRotation": {
                "x": 0.0,
                "y": 180.0,
                "z": 0.0
            }
        }
    ],
    "AllDecals": []
}
