{
  "Version":"0.15.0.01",
  "All":[
    {
      "Name":"The Beginning",
      "ID":"Init0",
      "ImagePath":"GradToothless",
      "MenuCoords":
      {
        "x":0,
        "y":2
      },
      "SerializedRewards":[
        {
          "manyThingsSerialized":
        	{
            "type":"ItemReward",
            "data":"{\"ItemData\":\"Type=component|ID=Bolt|Count=5|Rarity=R_COMMON|Value=100\"}"     
					}
          },
          {
            "manyThingsSerialized":
        	{
            "type":"ItemReward",
            "data":"{\"ItemData\":\"Type=component|ID=Metal|Count=5|Rarity=R_COMMON|Value=100\"}"     
					}
          },
          {
            "manyThingsSerialized":
        	{
            "type":"ItemReward",
            "data":"{\"ItemData\":\"Type=component|ID=Rubber|Count=5|Rarity=R_COMMON|Value=100\"}"     
					}
          },
          {
            "manyThingsSerialized":
        	{
            "type":"ItemReward",
            "data":"{\"ItemData\":\"Type=component|ID=Wire|Count=5|Rarity=R_COMMON|Value=100\"}"     
					}
        }        
      	
        ],
      "ChampionshipRequirements":[
      ],
      "ChampionshipRaces":[
          {
            "TrackName":"Figure Eight",
            "RaceParams":
            {
              "RaceType":2,
              "LapCount":1,
              "AdditionalAICarProfiles":[],
              "ConstantAIProfiles":[
                "Mega",
                "Nifty",
                "MK",
                "Arbiter",
                "mbrine"
              ]
            }
          }
      ]
    },
    {
      "Name":"Bloodhound Novice Qualifiers",
      "ID":"Bl0",
      "ImagePath":"BLPlaceholder",
      "MenuCoords":
      {
        "x":1,
        "y":2
      },
      "SerializedRewards":[
        {

      	}
      ],
      "ChampionshipRequirements":[
        {
          "Type":"Manufacturer",
          "Requirement":"Bloodhound"
        },
        {
          "Type":"Championship",
          "Requirement":"Init0"
        }
      ],
      "ChampionshipRaces":[
          {
            "TrackName":"Figure Eight",
            "RaceParams":
            {
              "RaceType":2,
              "LapCount":1,
              "AdditionalAICarProfiles":[],
              "ConstantAIProfiles":[
              ]
            }
          },
          {
            "TrackName":"Sky Track",
            "RaceParams":
            {
              "RaceType":2,
              "LapCount":1,
              "AdditionalAICarProfiles":[],
              "ConstantAIProfiles":[
              ]
            }
          },
          {
            "TrackName":"Bloodhound Looper",
            "RaceParams":
            {
              "RaceType":0,
              "LapCount":1,
              "AdditionalAICarProfiles":[],
              "ConstantAIProfiles":[
              ]
            }
          }

        
      ]
    },
    {
      "Name":"Vigilante Amateur League",
      "ID":"Vgl0",
      "ImagePath":"Toothless",
      "MenuCoords":
      {
        "x":1,
        "y":3
      },
      "SerializedRewards":[
        {
      	}
      ],
      "ChampionshipRequirements":[
        {
          "Type":"Manufacturer",
          "Requirement":"Vigilante"
        },
        {
          "Type":"Championship",
          "Requirement":"Init0"
        }
      ],
      "ChampionshipRaces":[
          {
            "TrackName":"Figure Eight",
            "RaceParams":
            {
              "RaceType":2,
              "LapCount":3,
              "AdditionalAICarProfiles":[],
              "ConstantAIProfiles":[
                "Nifty",
                "Mega",
                "Crude"
              ]
            }
          },
          {
            "TrackName":"Rocketeer Minitrack",
            "RaceParams":
            {
              "RaceType":0,
              "LapCount":1,
              "AdditionalAICarProfiles":[],
              "ConstantAIProfiles":[
                "Nifty",
                "Mega",
                "Crude"
              ]
            }
          }

        
      ]
    },
    {
      "Name":"Rocketeer Open",
      "ID":"Rr0",
      "ImagePath":"RK",
      "MenuCoords":
      {
        "x":2,
        "y":2
      },
      "SerializedRewards":[
        {
      	}
      ],
      "ChampionshipRequirements":[
        {
          "Type":"Championship",
          "Requirement":"Init0"
        }
      ],
      "ChampionshipRaces":[
          {
            "TrackName":"Figure Eight",
            "RaceParams":
            {
              "RaceType":2,
              "LapCount":3,
              "AdditionalAICarProfiles":[],
              "ConstantAIProfiles":[
                "Nifty",
                "Mega",
                "Crude"
              ]
            }
          },
          {
            "TrackName":"Rocketeer Minitrack",
            "RaceParams":
            {
              "RaceType":0,
              "LapCount":1,
              "AdditionalAICarProfiles":[],
              "ConstantAIProfiles":[
                "Nifty",
                "Mega",
                "Crude"
              ]
            }
          }

        
      ]
    }
    
  ]
}
