{
    "AllSections": [
        {
            "SectionHeader": "Model Contributors",
            "AllItems": [
                {
                    "type": "role",
                    "Role": "Patty Wagon",
                    "Name": "Richard_JRH"
                },                {
                    "type": "role",
                    "Role": "Drahgoon",
                    "Name": "Crashaholic"
                },                {
                    "type": "role",
                    "Role": "Raonlauncher",
                    "Name": "Imaxinacion"
                },                {
                    "type": "role",
                    "Role": "JetSpray",
                    "Name": "PyxelButt"
                }
            ]
        },
        {
            "SectionHeader": "Playtesters",
            "AllItems": [
                {
                    "type": "name",
                    "Role": "",
                    "Name": "MegaMiniTitan"
                },                {
                    "type": "name",
                    "Role": "",
                    "Name": "bestcolour"
                },                {
                    "type": "name",
                    "Role": "",
                    "Name": "Richard_JRH"
                },                {
                    "type": "name",
                    "Role": "",
                    "Name": "Teknas89"
                },                {
                    "type": "name",
                    "Role": "",
                    "Name": "ItsJustMK47"
                },                {
                    "type": "name",
                    "Role": "",
                    "Name": "ItsNiftyJD"
                },                {
                    "type": "name",
                    "Role": "",
                    "Name": "Renaitual"
                },
                {
                    "type": "name",
                    "Role": "",
                    "Name": "GamingDrivenDad"
                },
                {
                    "type": "name",
                    "Role": "",
                    "Name": "OliGamerBoi"
                }
            ]
        }
    ]
}