{
  "Items":[
    {
      "DisplayName":"Massive Micro Titan",
      "ID":"Mega",
      "PreferredCars":
      [
        {
          "ID": "Cool_Streamer_Dude",
          "CarName": "Titan",
          "CarManufacturerName": "Vigilante",
          "CarExoticOverride": "",
          "EquippedUpgrades": [],
          "EquippedCustomizations": [

          ],
          "CarColor": {
              "r": 1.0,
              "g": 1.0,
              "b": 1.0,
              "a": 1.0
          },
          "EmColor": {
              "r": 0.0,
              "g": 0.0,
              "b": 0.0,
              "a": 0.0
          },
          "EquippedDecalName": "",
          "CarRarity": 0
      	}
			]
    },
    {
        "DisplayName":"The Niftiest Biscuit",
        "ID":"Nifty",
        "PreferredCars":
      [
        {
            "ID": "ItsNiftyJDEEEE",
            "CarName": "Eagle",
            "CarManufacturerName": "Vigilante",
            "CarExoticOverride": "",
            "EquippedUpgrades": [],
            "EquippedCustomizations": [
                {
                    "CustName": "AeroFin Splitter",
                    "Equipped": true,
                    "Type": 3
                },
                {
                    "CustName": "AeroFin Diffuser",
                    "Equipped": true,
                    "Type": 4
                },
                {
                    "CustName": "AeroFin Spoiler",
                    "Equipped": true,
                    "Type": 5
                }
            ],
            "CarColor": {
                "r": 0.0,
                "g": 0.6000000238418579,
                "b": 0.8999999761581421,
                "a": 0.0
            },
            "EmColor": {
                "r": 0.0,
                "g": 1.0,
                "b": 1.0,
                "a": 1.0
            },
            "EquippedDecalName": "",
            "CarRarity": 5
        }
      ]
    },
    {
        "DisplayName":"ItsAnAK47",
        "ID":"MK",
        "PreferredCars":
      [
        {
            "ID": "ItsJustMK47",
            "CarName": "Dart",
            "CarManufacturerName": "",
            "CarExoticOverride": "",
            "EquippedUpgrades": [],
            "EquippedCustomizations": [],
            "CarColor": {
                "r": 0.20000000298023225,
                "g": 0.7358490228652954,
                "b": 0.21119984984397889,
                "a": 1.0
            },
            "EmColor": {
                "r": 0.0,
                "g": 1.0,
                "b": 0.0,
                "a": 1.0
            },
            "EquippedDecalName": "",
            "CarRarity": 5
        }
      ]
    },
    {
        "DisplayName":"Gaming Arbiter",
        "ID":"Arbiter",
        "PreferredCars":
      [
        {
            "ID": "Arbiter_Thel",
            "CarName": "Spear",
            "CarManufacturerName": "Bloodhound",
            "CarExoticOverride": "",
            "EquippedUpgrades": [],
            "EquippedCustomizations": [
                {
                    "CustName": "Racing Splitter",
                    "Equipped": true,
                    "Type": 3
                },
                {
                    "CustName": "Racing Diffuser",
                    "Equipped": true,
                    "Type": 4
                },
                {
                    "CustName": "Fender Fins",
                    "Equipped": true,
                    "Type": 0
                },
                {
                    "CustName": "Racing Wing",
                    "Equipped": true,
                    "Type": 5
                }
            ],
            "CarColor": {
                "r": 1.0,
                "g": 0.0,
                "b": 0.0,
                "a": 1.0
            },
            "EmColor": {
                "r": 0.0,
                "g": 0.0,
                "b": 0.0,
                "a": 0.0
            },
            "EquippedDecalName": "",
            "CarRarity": 5
        }
      ]
    },
    {
        "DisplayName":"Memebrine",
        "ID":"mbrine",
        "PreferredCars":
      [
        {
            "ID": "mbrine",
            "CarName": "Hauler",
            "CarManufacturerName": "Rocketeer",
            "CarExoticOverride": "",
            "EquippedUpgrades": [],
            "EquippedCustomizations": [
              {
                  "CustName": "Race Wing",
                  "Equipped": true,
                  "Type": 5
              }
            ],
            "CarColor": {
                "r": 0.0,
                "g": 0.0,
                "b": 0.0,
                "a": 1.0
            },
            "EmColor": {
                "r": 1.0,
                "g": 0.0,
                "b": 0.0,
                "a": 0.0
            },
            "EquippedDecalName": "",
            "CarRarity": 5
        }
      ]
    },
    {
        "DisplayName":"Driftyboi1223_ttv",
        "ID":"Westy",
        "PreferredCars":
      [
        {
            "ID": "Westyboi1223_ttv",
            "CarName": "Runner",
            "CarManufacturerName": "Rocketeer",
            "CarExoticOverride": "",
            "EquippedUpgrades": [],
            "EquippedCustomizations": [
            ],
            "CarColor": {
                "r": 1.0,
                "g": 0.5,
                "b": 0.0,
                "a": 1.0
            },
            "EmColor": {
                "r": 0.0,
                "g": 0.0,
                "b": 0.0,
                "a": 0.0
            },
            "EquippedDecalName": "",
            "CarRarity": 5
        }
      ]
    },
    {
        "DisplayName":"Prodrifter0.9k",
        "ID":"Prorider",
        "PreferredCars":
      [
        {
            "ID": "pro",
            "CarName": "Ravager",
            "CarManufacturerName": "Rocketeer",
            "CarExoticOverride": "",
            "EquippedUpgrades": [],
            "EquippedCustomizations": [
            ],
            "CarColor": {
                "r": 0.6,
                "g": 0.2,
                "b": 0.0,
                "a": 1.0
            },
            "EmColor": {
                "r": 0.0,
                "g": 0.0,
                "b": 0.0,
                "a": 0.0
            },
            "EquippedDecalName": "",
            "CarRarity": 5
        }
      ]
    },
    {
        "DisplayName":"RUDIMENTARYDrifting",
        "ID":"Crude",
        "PreferredCars":
      [
        {
            "ID": "crude",
            "CarName": "Raven",
            "CarManufacturerName": "Vigilante",
            "CarExoticOverride": "",
            "EquippedUpgrades": [],
            "EquippedCustomizations": [
            ],
            "CarColor": {
                "r": 0.4313725531101227,
                "g": 0.658823549747467,
                "b": 0.7882353067398071,
                "a": 1.0
            },
            "EmColor": {
                "r": 0.0,
                "g": 0.0,
                "b": 0.0,
                "a": 0.0
            },
            "EquippedDecalName": "",
            "CarRarity": 5
        }
      ]
    },
    {
        "DisplayName":"Driftingiscool37",
        "ID":"Milan",
        "PreferredCars":
      [
        {
            "ID": "Tristep_Milan",
            "CarName": "Arrow",
            "CarManufacturerName": "Bloodhound",
            "CarExoticOverride": "",
            "EquippedUpgrades": [],
            "EquippedCustomizations": [
            ],
            "CarColor": {
                "r": 0.0,
                "g": 1.0,
                "b": 0.0,
                "a": 1.0
            },
            "EmColor": {
                "r": 0.0,
                "g": 1.0,
                "b": 0.0,
                "a": 0.0
            },
            "EquippedDecalName": "",
            "CarRarity": 5
        }
      ]
    },
    {
        "DisplayName":"The Scorpionfish",
        "ID":"Scorpionfish",
        "PreferredCars":
			[
				{
            "ID": "Scorfano",
            "CarName": "Arrow",
            "CarManufacturerName": "Bloodhound",
            "CarExoticOverride": "Aquatic Arrow",
            "EquippedUpgrades": [],
            "EquippedCustomizations": [
                {
                    "CustName": "Stock Front Wing",
                    "Equipped": true,
                    "Type": 3
                },
                {
                    "CustName": "F1 Rear Wing",
                    "Equipped": true,
                    "Type": 5
                }
            ],
            "CarColor": {
                "r": 0.42352938652038576,
                "g": 0.4117646813392639,
                "b": 0.800000011920929,
                "a": 1.0
            },
            "EmColor": {
                "r": 0.4745097756385803,
                "g": 0.1097899004817009,
                "b": 0.7647058963775635,
                "a": 1.0
            },
            "EquippedDecalName": "Aquatic",
            "CarRarity": 5
        }
      ]
    },
    {
        "DisplayName":"The Hermit",
        "ID":"Hermit",
        "PreferredCars":
			[
			{
            "ID": "Paguro",
            "CarName": "Dart",
            "CarManufacturerName": "Bloodhound",
            "CarExoticOverride": "Oceanic Dart",
            "EquippedUpgrades": [],
            "EquippedCustomizations": [
                {
                    "CustName": "Racing Bumper",
                    "Equipped": true,
                    "Type": 3
                },
                {
                    "CustName": "Oceanic Roof Shield",
                    "Equipped": true,
                    "Type": 5
                }
            ],
            "CarColor": {
                "r": 0.4431373,
                "g": 0.7294118,
                "b": 0.509804,
                "a": 1.0
            },
            "EmColor": {
                "r": 0.09019608,
                "g": 0.1411765,
                "b": 0.7490196,
                "a": 1.0
            },
            "EquippedDecalName": "Oceanic",
            "CarRarity": 5
        }
      ]
    },
    {
        "DisplayName":"DriftingDrivenDad",
        "ID":"Tee",
        "PreferredCars":
			[
				{
            "ID": "Tee",
            "CarName": "Spector",
            "CarManufacturerName": "Bloodhound",
            "CarExoticOverride": "",
            "EquippedUpgrades": [],
            "EquippedCustomizations": [
            ],
            "CarColor": {
                "r": 0.0,
                "g": 0.7294118,
                "b": 0.0,
                "a": 1.0
            },
            "EmColor": {
                "r": 0.0,
                "g": 0.0,
                "b": 0.0,
                "a": 1.0
            },
            "EquippedDecalName": "",
            "CarRarity": 5
        }
      ]
    },
    {
        "DisplayName":"DRIFTINGMASTER4000",
        "ID":"knaea",
        "PreferredCars":
			[
				{
            "ID": "Knaea",
            "CarName": "Spear",
            "CarManufacturerName": "Bloodhound",
            "CarExoticOverride": "Spear Hyper Edition",
            "EquippedUpgrades": [],
            "EquippedCustomizations": [
            ],
            "CarColor": {
                "r": 0.2,
                "g": 0.5,
                "b": 0.2,
                "a": 1.0
            },
            "EmColor": {
                "r": 0.0,
                "g": 0.0,
                "b": 0.0,
                "a": 1.0
            },
            "EquippedDecalName": "",
            "CarRarity": 5
        }
      ]
    },
    {
        "DisplayName":"OliDriftingBoi",
        "ID":"Oli",
        "PreferredCars":
			[
			{
            "ID": "Oli",
            "CarName": "Raven",
            "CarManufacturerName": "Vigilante",
            "CarExoticOverride": "Proto-Raven",
            "EquippedUpgrades": [],
            "EquippedCustomizations": [
            ],
            "CarColor": {
                "r": 0.1,
                "g": 0.1,
                "b": 0.1,
                "a": 1.0
            },
            "EmColor": {
                "r": 0.0,
                "g": 0.0,
                "b": 0.0,
                "a": 1.0
            },
            "EquippedDecalName": "",
            "CarRarity": 5
        }
      ]
    }
]
}



