{
    "ExoticCarVariants": [
      {
          "BaseCarName": {
              "CarName":"Arrow",
              "CarManufacturerName":"Bloodhound"
              },
          "OverrideCarName": "Aquatic Arrow",
          "OverrideProperties": [
            {
                "PropertyType": "Color",
                "PropertyName": "Base",
                "NewValue": "#6C69CC"
            },
            {
                "PropertyType": "Color",
                "PropertyName": "Neon",
                "NewValue": "#791CC3"
            },
            {
                "PropertyType": "Color",
                "PropertyName": "Decal",
                "NewValue": "Aquatic"
            },
            {
                "PropertyType": "Customization",
                "PropertyName": "Aquatic Front Wing",
                "NewValue": "false"
            },
            {
                "PropertyType": "Customization",
                "PropertyName": "Aquatic Fins",
                "NewValue": "false"
            },
            {
                "PropertyType": "BaseStats",
                "PropertyName": "WaterAffinity",
                "NewValue": "0.95"
            },
            {
                "PropertyType": "BaseStats",
                "PropertyName": "IsColorable",
                "NewValue": "false"
            },
            {
                "PropertyType": "Light",
                "PropertyName": "0_LightColor",
                "NewValue": "#FFF370"
            },
            {
                "PropertyType": "Light",
                "PropertyName": "1_LightColor",
                "NewValue": "#FFF370"
            }
          ]
      },
      {
        "BaseCarName": {
            "CarName":"Hauler",
            "CarManufacturerName":"Rocketeer"
            },
        "OverrideCarName": "Hauler Fe Edition",
          "OverrideProperties": [
            {
                "PropertyType": "Color",
                "PropertyName": "Base",
                "NewValue": "#707070"
            },
            {
                "PropertyType": "Color",
                "PropertyName": "Neon",
                "NewValue": "#00000000"
            },
            {
                "PropertyType": "Customization",
                "PropertyName": "Drift Wing",
                "NewValue": "false"
            },
            {
                "PropertyType": "Customization",
                "PropertyName": "Side Intakes",
                "NewValue": "false"
            },
            {
                "PropertyType": "StockStats",
                "PropertyName": "DriftBoost",
                "NewValue": "10"
            },
            {
                "PropertyType": "StockStats",
                "PropertyName": "RocketPower",
                "NewValue": "15"
            },
            {
                "PropertyType": "StockStats",
                "PropertyName": "Grip",
                "NewValue": "0.7"
            },
            {
                "PropertyType": "BaseStats",
                "PropertyName": "IsColorable",
                "NewValue": "false"
            },
            {
                "PropertyType": "Light",
                "PropertyName": "0_LightColor",
                "NewValue": "#FFFFFF"
            },
            {
                "PropertyType": "Light",
                "PropertyName": "1_LightColor",
                "NewValue": "#FFFFFF"
            }
          ]
      },
      {
        "BaseCarName": {
            "CarName":"Sparrow",
            "CarManufacturerName":"Vigilante"
            },
        "OverrideCarName": "Red Devil",
          "OverrideProperties": [
            {
                "PropertyType": "Color",
                "PropertyName": "Base",
                "NewValue": "#700000"
            },
            {
                "PropertyType": "Color",
                "PropertyName": "Neon",
                "NewValue": "#FF0000FF"
            },
            {
                "PropertyType": "Customization",
                "PropertyName": "Devil Fin",
                "NewValue": "false"
            },
            {
                "PropertyType": "Customization",
                "PropertyName": "Devil Horns",
                "NewValue": "false"
            },
            {
                "PropertyType": "Customization",
                "PropertyName": "Devil Diffuser",
                "NewValue": "false"
            },
            {
                "PropertyType": "StockStats",
                "PropertyName": "DriftBoost",
                "NewValue": "50"
            },
            {
                "PropertyType": "StockStats",
                "PropertyName": "RocketPower",
                "NewValue": "6"
            },
            {
                "PropertyType": "StockStats",
                "PropertyName": "Grip",
                "NewValue": "1.5"
            },
            {
                "PropertyType": "StockStats",
                "PropertyName": "TopSpeed",
                "NewValue": "85.0"
            },
            {
                "PropertyType": "BaseStats",
                "PropertyName": "IsColorable",
                "NewValue": "false"
            },
            {
                "PropertyType": "Light",
                "PropertyName": "0_LightColor",
                "NewValue": "#FF0000"
            },
            {
                "PropertyType": "Light",
                "PropertyName": "1_LightColor",
                "NewValue": "#FF0000"
            }
          ]
      },
      {
        "BaseCarName": {
            "CarName":"Spear",
            "CarManufacturerName":"Bloodhound"
            },
        "OverrideCarName": "Spear Hyper Edition",
          "OverrideProperties": [
            {
                "PropertyType": "Customization",
                "PropertyName": "Hyper Wing",
                "NewValue": "false"
            },
            {
                "PropertyType": "Customization",
                "PropertyName": "Hyper Splitter",
                "NewValue": "false"
            },
            {
                "PropertyType": "Customization",
                "PropertyName": "Hyper Diffuser",
                "NewValue": "false"
            },
            {
                "PropertyType": "StockStats",
                "PropertyName": "DriftBoost",
                "NewValue": "-2"
            },
            {
                "PropertyType": "StockStats",
                "PropertyName": "RocketPower",
                "NewValue": "7"
            },
            {
                "PropertyType": "StockStats",
                "PropertyName": "Grip",
                "NewValue": "7.5"
            },
            {
                "PropertyType": "StockStats",
                "PropertyName": "TopSpeed",
                "NewValue": "60.0"
            },
            {
                "PropertyType": "StockStats",
                "PropertyName": "ZeroPowerSpeed",
                "NewValue": "75.0"
            }
          ]
      },
      {
        "BaseCarName": {
            "CarName":"Dart",
            "CarManufacturerName":"Bloodhound"
            },
        "OverrideCarName": "Oceanic Dart",
          "OverrideProperties": [
            {
                "PropertyType": "Customization",
                "PropertyName": "Oceanic Top Fin",
                "NewValue": "false"
            },
            {
                "PropertyType": "Color",
                "PropertyName": "Base",
                "NewValue": "#71BA82"
            },
            {
                "PropertyType": "Color",
                "PropertyName": "Neon",
                "NewValue": "#1724BF"
            },
            {
                "PropertyType": "Color",
                "PropertyName": "Decal",
                "NewValue": "Oceanic"
            },
            {
                "PropertyType": "Customization",
                "PropertyName": "Oceanic Roof Fin",
                "NewValue": "false"
            },
            {
                "PropertyType": "Customization",
                "PropertyName": "Oceanic Side Fins",
                "NewValue": "false"
            },
            {
                "PropertyType": "Customization",
                "PropertyName": "Stunt Bumper",
                "NewValue": "false"
            },
            {
                "PropertyType": "BaseStats",
                "PropertyName": "WaterAffinity",
                "NewValue": "0.85"
            }
          ]
      },
      {
        "BaseCarName": {
            "CarName":"Raven",
            "CarManufacturerName":"Vigilante"
            },
        "OverrideCarName": "Proto-Raven",
          "OverrideProperties": [
            {
                "PropertyType": "Customization",
                "PropertyName": "Proto Splitter",
                "NewValue": "false"
            },            {
                "PropertyType": "Customization",
                "PropertyName": "Proto Rear Flaps",
                "NewValue": "false"
            },            {
                "PropertyType": "Customization",
                "PropertyName": "Proto Twin-Tails",
                "NewValue": "false"
            },
            {
                "PropertyType": "Color",
                "PropertyName": "Base",
                "NewValue": "#888888"
            },
            {
                "PropertyType": "Color",
                "PropertyName": "Neon",
                "NewValue": "#FFFFFFFF"
            },
            {
                "PropertyType": "StockStats",
                "PropertyName": "Grip",
                "NewValue": "6"
            },
            {
                "PropertyType": "StockStats",
                "PropertyName": "BrakePower",
                "NewValue": "40"
            },
            {
                "PropertyType": "StockStats",
                "PropertyName": "TurningSpeed",
                "NewValue": "8"
            },
            {
                "PropertyType": "StockStats",
                "PropertyName": "TurningSpeedMax",
                "NewValue": "2.4"
            },
            {
                "PropertyType": "StockStats",
                "PropertyName": "TopSpeed",
                "NewValue": "50"
            },
            {
                "PropertyType": "StockStats",
                "PropertyName": "DriftBoost",
                "NewValue": "0"
            },
            {
                "PropertyType": "StockStats",
                "PropertyName": "RocketPower",
                "NewValue": "6.4"
            }
          ]
      },
      {
        "BaseCarName": {
            "CarName":"Sidewinder",
            "CarManufacturerName":"Rocketeer"
            },
        "OverrideCarName": "El Karmino",
          "OverrideProperties": [
            {
                "PropertyType": "Customization",
                "PropertyName": "Karmino Hood",
                "NewValue": "false"
            },            {
                "PropertyType": "Customization",
                "PropertyName": "Karmino Intake",
                "NewValue": "false"
            },            {
                "PropertyType": "Customization",
                "PropertyName": "Karmino Tailgate",
                "NewValue": "false"
            },
            {
                "PropertyType": "Customization",
                "PropertyName": "Karmino Wing",
                "NewValue": "false"
            },
            {
                "PropertyType": "StockStats",
                "PropertyName": "Grip",
                "NewValue": "3"
            },
            {
                "PropertyType": "StockStats",
                "PropertyName": "BrakePower",
                "NewValue": "35"
            },
            {
                "PropertyType": "StockStats",
                "PropertyName": "TurningSpeed",
                "NewValue": "3"
            },
            {
                "PropertyType": "StockStats",
                "PropertyName": "TurningSpeedMax",
                "NewValue": "0.45"
            },
            {
                "PropertyType": "StockStats",
                "PropertyName": "TopSpeed",
                "NewValue": "62"
            },
            {
                "PropertyType": "StockStats",
                "PropertyName": "DriftBoost",
                "NewValue": "1"
            },
            {
                "PropertyType": "StockStats",
                "PropertyName": "RocketPower",
                "NewValue": "34"
            }
          ]
      }
    ]
}
