{
    "AllManufacturers": [
      {
          "Name": "Vigilante",
          "NameShort": "VGL",
          "Description": "Drift Drift Drift",
          "LogoPath": "RK.png",
          "ManufacturerColor": {
              "r": 0.0,
              "g": 1.0,
              "b": 1.0,
              "a": 1.0
          }
      },
      {
          "Name": "Bloodhound",
          "NameShort": "BRT",
          "Description": "They kinda like grip but also speed",
          "LogoPath": "RK.png",
          "ManufacturerColor": {
              "r": 0.0,
              "g": 1.0,
              "b": 0.0,
              "a": 1.0
          }
      },
      {
          "Name": "Rocketeer",
          "NameShort": "RR",
          "Description": "If muscle cars had rockets",
          "LogoPath": "GradToothless.png",
          "ManufacturerColor": {
              "r": 1.0,
              "g": 0.4,
              "b": 0.0,
              "a": 1.0
          }
      },
      {
          "Name": "Contributors",
          "NameShort": "CO",
          "Description": "Contributors includes all cars that were submitted by mbrine's friends. They do not fit into any of the main 3 manufacturers, so they will be listed under the CO Manufacturer.",
          "LogoPath": "GradToothless.png",
          "ManufacturerColor": {
              "r": 1.0,
              "g": 1.0,
              "b": 1.0,
              "a": 1.0
          }
      },
      {
          "Name": "Kar",
          "NameShort": "KAR",
          "Description": "Vehicles that were ported over from the original KAR.",
          "LogoPath": "Kar.png",
          "ManufacturerColor": {
              "r": 1.0,
              "g": 0.71,
              "b": 0.0,
              "a": 1.0
          }
      },
      {
          "Name": "Lateral",
          "NameShort": "LTR",
          "Description": "Lateral specializes in making high-tech drift boosters and handling components for both land and air. They've never been too big on horsepower, unless it comes from their own drift boosters though.",
          "LogoPath": "Lateral.png",
          "ManufacturerColor": {
              "r": 1.0,
              "g": 0.71,
              "b": 0.0,
              "a": 1.0
          }
      },
      {
          "Name": "Shift",
          "NameShort": "SH",
          "Description":"Shift Incorporated have always taken after the now-defunct Formula Xtreme racing series. They specialize in all-rounder upgrades, boosting handling and power to reach Formula X levels. They also learned how to optimize aerodynamics to boost top speeds, grip, braking and air braking.",
          "LogoPath": "Kar.png",
          "ManufacturerColor": {
              "r": 1.0,
              "g": 0.71,
              "b": 0.0,
              "a": 1.0
          }
      },
      {
          "Name": "Blazer",
          "NameShort": "BLZ",
          "Description": "Where other manufacturers took inspiration from motorsports, Blazer decided to follow in the footsteps of space shuttles. Power figures tend to be through the roof, perhaps the stratosphere as well. However, handling seems to be an afterthought, with grip and turning that leaves a lot to be desired.",
          "LogoPath": "Kar.png",
          "ManufacturerColor": {
              "r": 1.0,
              "g": 1.0,
              "b": 0.0,
              "a": 1.0
          }
      },
      {
          "Name": "Ultimate Tech",
          "NameShort": "ULT",
          "Description": "No imformation available.",
          "LogoPath": "Kar.png",
          "ManufacturerColor": {
              "r": 1.0,
              "g": 0.71,
              "b": 0.0,
              "a": 1.0
          }
      }
    ]
}
