{
    "AllManufacturers":[
        {
            "Name":"Lateral",
            "StatBiases":
                {
                    "Grip": 0.9,
                    "BrakePower": 0.8,
                    "TurningSpeed": 1.1,
                    "TurningSpeedMax": 1.2,
                    "AirBrakePower": 0.8,
                    "AirRotationSpeed": 1.2,
                    "RocketPower": 0.75,
                    "DriftBoost": 1.25,
                    "TopSpeed": 1.0,
                    "ZeroPowerSpeed": 1.0
                }
            
        }, 
        {
            "Name":"Shift",
            "StatBiases":
                {
                    "Grip": 1.1,
                    "BrakePower": 1.1,
                    "TurningSpeed": 1.1,
                    "TurningSpeedMax": 0.8,
                    "AirBrakePower": 1.1,
                    "AirRotationSpeed": 0.9,
                    "RocketPower": 1.1,
                    "DriftBoost": 0.6,
                    "TopSpeed": 1.2,
                    "ZeroPowerSpeed": 1.0
                }
            
        },        {
            "Name":"Blazer",
            "StatBiases":
                {
                    "Grip": 0.75,
                    "BrakePower": 1.1,
                    "TurningSpeed": 0.8,
                    "TurningSpeedMax": 1.3,
                    "AirBrakePower": 1.2,
                    "AirRotationSpeed": 0.8,
                    "RocketPower": 1.35,
                    "DriftBoost": 0.8,
                    "TopSpeed": 0.95,
                    "ZeroPowerSpeed": 1.05
                }
            
        },  
        {
            "Name":"Ultimate Tech",
            "StatBiases":
                {
                    "Grip": 1.5,
                    "BrakePower": 1.0,
                    "TurningSpeed": 1.0,
                    "TurningSpeedMax": 1.0,
                    "AirBrakePower": 0.0,
                    "AirRotationSpeed": 0.0,
                    "RocketPower": 1.0,
                    "DriftBoost": 1.5,
                    "TopSpeed": 1.5,
                    "ZeroPowerSpeed": 1.5
                }
            
        }
    ]
}