{
  "All":[
    {
      "TrackName":"Figure Eight",
      "TrackScene":"FigureEight",
      "IsLapRace":true,
      "AllowedModes":[
        "R_ANTIAIR"
      ]
    },
    {
      "TrackName":"Basic Air Course",
      "TrackScene":"SkyTrack",
      "IsLapRace":false,
      "AllowedModes":[
        "R_AIR"
      ]
    },
    {
      "TrackName":"Sky Track",
      "TrackScene":"SkyRace",
      "IsLapRace":true,
      "AllowedModes":[
        "R_DRAG"
      ]
    },
    {
      "TrackName":"City Night",
      "TrackScene":"CityCircuit",
      "IsLapRace":false,
      "AllowedModes":[
        "R_DRIFT"
      ]
    }
  ]
}
