{
    "CurrentCarName": "Eagle",
    "CurrentCarID": "AAAAAAAAAAAAAAAE",
    "OwnedCars": [
        {
            "ID": "AAAAAAAAAAAAAAAA",
            "CarName": "Sparrow",
            "CarManufacturerName": "",
            "CarExoticOverride": "",
            "EquippedUpgrades": [],
            "EquippedCustomizations": [],
            "CarColor": {
                "r": 0.41981130838394167,
                "g": 1.0,
                "b": 0.43755820393562319,
                "a": 1.0
            },
            "EmColor": {
                "r": 0.0,
                "g": 0.0,
                "b": 0.0,
                "a": 0.0
            },
            "EquippedDecalName": "",
            "CarRarity": 0
        },
        {
            "ID": "THIS_IS_A_TESTER",
            "CarName": "Sparrow",
            "CarManufacturerName": "",
            "CarExoticOverride": "",
            "EquippedUpgrades": [],
            "EquippedCustomizations": [],
            "CarColor": {
                "r": 1.0,
                "g": 1.0,
                "b": 1.0,
                "a": 1.0
            },
            "EmColor": {
                "r": 0.0,
                "g": 1.0,
                "b": 1.0,
                "a": 1.0
            },
            "EquippedDecalName": "",
            "CarRarity": 5
        },
        {
            "ID": "AAAAAAAAAAAAAAAB",
            "CarName": "Hauler",
            "CarManufacturerName": "",
            "CarExoticOverride": "",
            "EquippedUpgrades": [],
            "EquippedCustomizations": [],
            "CarColor": {
                "r": 0.5921568870544434,
                "g": 0.2352941334247589,
                "b": 0.11372549831867218,
                "a": 0.0
            },
            "EmColor": {
                "r": 1.0,
                "g": 0.30000001192092898,
                "b": 0.0,
                "a": 1.0
            },
            "EquippedDecalName": "",
            "CarRarity": 5
        },
        {
            "ID": "AAAAAAAAAAAAAAAC",
            "CarName": "Dart",
            "CarManufacturerName": "",
            "CarExoticOverride": "",
            "EquippedUpgrades": [],
            "EquippedCustomizations": [],
            "CarColor": {
                "r": 0.20000000298023225,
                "g": 0.7358490228652954,
                "b": 0.21119984984397889,
                "a": 1.0
            },
            "EmColor": {
                "r": 0.0,
                "g": 1.0,
                "b": 0.0,
                "a": 1.0
            },
            "EquippedDecalName": "",
            "CarRarity": 5
        },
        {
            "ID": "AAAAAAAAAAAAAAAD",
            "CarName": "Arrow",
            "CarManufacturerName": "",
            "CarExoticOverride": "",
            "EquippedUpgrades": [],
            "EquippedCustomizations": [],
            "CarColor": {
                "r": 0.0,
                "g": 0.7358490228652954,
                "b": 0.08111998438835144,
                "a": 1.0
            },
            "EmColor": {
                "r": 0.0,
                "g": 1.0,
                "b": 0.0,
                "a": 1.0
            },
            "EquippedDecalName": "",
            "CarRarity": 5
        },
        {
            "ID": "AAAAAAAAAAAAAAAE",
            "CarName": "Eagle",
            "CarManufacturerName": "",
            "CarExoticOverride": "",
            "EquippedUpgrades": [],
            "EquippedCustomizations": [],
            "CarColor": {
                "r": 0.0,
                "g": 0.6000000238418579,
                "b": 0.8999999761581421,
                "a": 0.0
            },
            "EmColor": {
                "r": 0.0,
                "g": 1.0,
                "b": 1.0,
                "a": 1.0
            },
            "EquippedDecalName": "",
            "CarRarity": 5
        },
        {
            "ID": "AAAAAAAAAAAAAAAF",
            "CarName": "Patty Wagon",
            "CarManufacturerName": "",
            "CarExoticOverride": "",
            "EquippedUpgrades": [],
            "EquippedCustomizations": [],
            "CarColor": {
                "r": 1.0,
                "g": 1.0,
                "b": 1.0,
                "a": 1.0
            },
            "EmColor": {
                "r": 0.0,
                "g": 0.0,
                "b": 0.0,
                "a": 0.0
            },
            "EquippedDecalName": "",
            "CarRarity": 5
        },
        {
            "ID": "AAAAAAAAAAAAAAAG",
            "CarName": "Runner",
            "CarManufacturerName": "",
            "CarExoticOverride": "",
            "EquippedUpgrades": [],
            "EquippedCustomizations": [],
            "CarColor": {
                "r": 1.0,
                "g": 0.40400001406669619,
                "b": 0.20000000298023225,
                "a": 1.0
            },
            "EmColor": {
                "r": 1.0,
                "g": 0.30000001192092898,
                "b": 0.0,
                "a": 1.0
            },
            "EquippedDecalName": "",
            "CarRarity": 5
        },
        {
            "ID": "AAAAAAAAAAAAAAAH",
            "CarName": "Spear",
            "CarManufacturerName": "",
            "CarExoticOverride": "",
            "EquippedUpgrades": [],
            "EquippedCustomizations": [],
            "CarColor": {
                "r": 1.0,
                "g": 1.0,
                "b": 1.0,
                "a": 1.0
            },
            "EmColor": {
                "r": 0.0,
                "g": 0.0,
                "b": 0.0,
                "a": 0.0
            },
            "EquippedDecalName": "",
            "CarRarity": 5
        },
        {
            "ID": "AAAAAAAAAAAAAAAI",
            "CarName": "Bloodhound",
            "CarManufacturerName": "",
            "CarExoticOverride": "",
            "EquippedUpgrades": [],
            "EquippedCustomizations": [],
            "CarColor": {
                "r": 1.0,
                "g": 1.0,
                "b": 1.0,
                "a": 1.0
            },
            "EmColor": {
                "r": 0.0,
                "g": 0.0,
                "b": 0.0,
                "a": 0.0
            },
            "EquippedDecalName": "",
            "CarRarity": 5
        },
        {
            "ID": "AAAAAAAAAAAAAAAJ",
            "CarName": "LSR1020",
            "CarManufacturerName": "",
            "CarExoticOverride": "",
            "EquippedUpgrades": [],
            "EquippedCustomizations": [],
            "CarColor": {
                "r": 1.0,
                "g": 1.0,
                "b": 1.0,
                "a": 1.0
            },
            "EmColor": {
                "r": 0.0,
                "g": 0.0,
                "b": 0.0,
                "a": 0.0
            },
            "EquippedDecalName": "",
            "CarRarity": 5
        },
        {
            "ID": "AAAAAAAAAAAAAAAK",
            "CarName": "Raven",
            "CarManufacturerName": "",
            "CarExoticOverride": "",
            "EquippedUpgrades": [],
            "EquippedCustomizations": [],
            "EquippedDecalName": "",
            "CarRarity": 5
        },
        {
            "ID": "AAAAAAAAAAAAAAAL",
            "CarName": "Ravager",
            "CarManufacturerName": "",
            "CarExoticOverride": "",
            "EquippedUpgrades": [],
            "EquippedCustomizations": [],
            "EquippedDecalName": "",
            "CarRarity": 5
        },
        {
            "ID": "AAAAAAAAAAAAAAAM",
            "CarName": "Spector",
            "CarManufacturerName": "",
            "CarExoticOverride": "",
            "CarColor": {
                "r": 0.0,
                "g": 0.7358490228652954,
                "b": 0.08111998438835144,
                "a": 1.0
            },
            "EquippedUpgrades": [],
            "EquippedCustomizations": [],
            "EquippedDecalName": "",
            "CarRarity": 5
        },
        {
            "ID": "AAAAAAAAAAAAAAAN",
            "CarName": "Titan",
            "CarManufacturerName": "",
            "CarExoticOverride": "",
            "CarColor": {
                "r": 0.75,
                "g": 0.75,
                "b": 0.75,
                "a": 1.0
            },
            "EquippedUpgrades": [],
            "EquippedCustomizations": [],
            "EquippedDecalName": "",
            "CarRarity": 5
        },
        {
            "ID": "AAAAAAAAAAAAAAAO",
            "CarName": "Sidewinder",
            "CarManufacturerName": "",
            "CarExoticOverride": "",
            "CarColor": {
                "r": 0.75,
                "g": 0.05,
                "b": 0.05,
                "a": 1.0
            },
            "EquippedUpgrades": [],
            "EquippedCustomizations": [],
            "EquippedDecalName": "",
            "CarRarity": 5
        },
        {
            "ID": "_AAAAAAAAAAAAAAA",
            "CarName": "Arrow",
            "CarManufacturerName": "",
            "CarExoticOverride": "Aquatic Arrow",
            "EquippedUpgrades": [],
            "EquippedCustomizations": [],
            "EquippedDecalName": "",
            "CarRarity": 5
        },
        {
            "ID": "_AAAAAAAAAAAAAAB",
            "CarName": "Hauler",
            "CarManufacturerName": "",
            "CarExoticOverride": "Hauler Fe Edition",
            "EquippedUpgrades": [],
            "EquippedCustomizations": [],
            "EquippedDecalName": "",
            "CarRarity": 5
        },
        {
            "ID": "_AAAAAAAAAAAAAAC",
            "CarName": "Dart",
            "CarManufacturerName": "",
            "CarExoticOverride": "Oceanic Dart",
            "EquippedUpgrades": [],
            "EquippedCustomizations": [],
            "EquippedDecalName": "",
            "CarRarity": 5
        },
        {
            "ID": "_AAAAAAAAAAAAAAD",
            "CarName": "Spear",
            "CarManufacturerName": "",
            "CarExoticOverride": "Spear Hyper Edition",
            "EquippedUpgrades": [],
            "EquippedCustomizations": [],
            "EquippedDecalName": "",
            "CarRarity": 5
        },
        {
            "ID": "_AAAAAAAAAAAAAAE",
            "CarName": "Sparrow",
            "CarManufacturerName": "",
            "CarExoticOverride": "Red Devil",
            "EquippedUpgrades": [],
            "EquippedCustomizations": [],
            "EquippedDecalName": "",
            "CarRarity": 5
        },
        {
            "ID": "_AAAAAAAAAAAAAAF",
            "CarName": "Raven",
            "CarManufacturerName": "",
            "CarExoticOverride": "Proto-Raven",
            "EquippedUpgrades": [],
            "EquippedCustomizations": [],
            "EquippedDecalName": "",
            "CarRarity": 5
        },
        {
            "ID": "_AAAAAAAAAAAAAAG",
            "CarName": "Sidewinder",
            "CarManufacturerName": "",
            "CarExoticOverride": "El Karmino",
            "CarColor": {
                "r": 0.05,
                "g": 0.05,
                "b": 0.95,
                "a": 1.0
            },
            "EquippedUpgrades": [],
            "EquippedCustomizations": [],
            "EquippedDecalName": "",
            "CarRarity": 5
        }
    ],
    "CarBlueprints": [],
    "Cash": 0,
    "Gold": 0,
    "GameSettings": {
        "MotionBlur": false,
        "Bloom": true,
        "UseAltHandling": true
    },
    "Lootboxes": [
        {
            "LBRarity": 0,
            "Count": 100,
            "LBName": "Common Box",
            "LBAttributes": []
        },
        {
            "LBRarity": 1,
            "Count": 100,
            "LBName": "Uncommon Box",
            "LBAttributes": []
        },
        {
            "LBRarity": 2,
            "Count": 100,
            "LBName": "Rare Box",
            "LBAttributes": []
        },
        {
            "LBRarity": 3,
            "Count": 100,
            "LBName": "Epic Box",
            "LBAttributes": []
        },
        {
            "LBRarity": 4,
            "Count": 100,
            "LBName": "Legendary Box",
            "LBAttributes": []
        },
        {
            "LBRarity": 4,
            "Count": 100,
            "LBName": "Debug Box",
            "LBAttributes": []
        },
        {
            "LBRarity": 4,
            "Count": 100,
            "LBName": "Debug Car Box",
            "LBAttributes": [
              {
                "AttributeType":"DropMode",
                "AttributeValue":"car"
              }
            ]
        },
        {
            "LBRarity": 4,
            "Count": 100,
            "LBName": "Bloodhound Sponsorship",
            "LBAttributes": [
              {
                "AttributeType":"DropMode",
                "AttributeValue":"car"
              },
              {
                "AttributeType":"Manufacturer",
                "AttributeValue":"Bloodhound"
              }
            ]
        },
        {
            "LBRarity": 5,
            "Count": 10000,
            "LBName": "mbrine's Alpha Tester Sponsorship Box",
            "LBAttributes": []
        },
        {
            "LBRarity": 5,
            "Count": 100,
            "LBName": "Exotic Box",
            "LBAttributes": []
        },
        {
            "LBRarity": 5,
            "Count": 100,
            "LBName": "Exotic Car Box",
            "LBAttributes": [
				{
          "AttributeType":"DropMode",
          "AttributeValue":"car"
        }

            ]
        }
    ],
    "LeaderboardData": []
}
