{
    "BaseStats": {
        "Name": "Dart",
        "ManufacturerName": "Bloodhound",
        "Type": 0,
        "Mass": 1000.0,
        "MagnetStrength": 5.0,
        "MagnetDistance": 80.0,
        "TurningDecay": 150.0,
        "OverTurningDecayMultiplier": 2.0,
        "DragCoefficient": 0.0949999988079071,
        "AngularDragCoefficient": 0.3499999940395355,
        "CollisionCooldownTime": 1.0,
        "WaterAffinity": 0.0,
        "IsColorable": true,
        "DefaultColor": {
            "r": 0.13814674317836762,
            "g": 0.2562867999076843,
            "b": 0.1398840993642807,
            "a": 1.0
        },
        "CarDecals": [
            {
                "Name": "",
                "FileName": "",
                "Hidden": false
            },
            {
                "Name": "Oceanic",
                "FileName": "Oceanic",
                "Hidden": false
            }
        ],
        "EquippedDecal": "",
        "CarRarity": 0,
        "MinRarity": 0,
        "CenterOffset": {
            "x": 0.0,
            "y": 0.0,
            "z": -0.15000000596046449
        }
    },
    "StockStats": {
        "Grip": 5.5,
        "BrakePower": 18.0,
        "TurningSpeed": 1.70,
        "TurningSpeedMax": 0.32,
        "AirBrakePower": 0.5,
        "AirRotationSpeed": 5.0,
        "RocketPower": 10.0,
        "DriftBoost": 0.0,
        "TopSpeed": 67.0,
        "ZeroPowerSpeed": 75.0
    },
    "MaxedStats": {
        "Grip": 0.0,
        "BrakePower": 0.0,
        "TurningSpeed": 0.0,
        "TurningSpeedMax": 0.0,
        "AirBrakePower": 0.0,
        "AirRotationSpeed": 0.0,
        "RocketPower": 0.0,
        "DriftBoost": 0.0,
        "TopSpeed": 0.0,
        "ZeroPowerSpeed": 0.0
    },
    "Upgrades": {
        "Upgradeable": true,
        "Upgrades": [
            {
                "UpgradeName": "Rudder",
                "UpgradeStats": [
                    "TurningSpeed"
                ],
                "UpgradeWeights": [
                    1.0
                ],
                "Equipped": false,
                "Bought": false,
                "MinimumRarity": 0
            },
            {
                "UpgradeName": "Side Intakes",
                "UpgradeStats": [
                    "DriftBoost"
                ],
                "UpgradeWeights": [
                    3.0
                ],
                "Equipped": false,
                "Bought": false,
                "MinimumRarity": 0
            },
            {
                "UpgradeName": "Aero Package",
                "UpgradeStats": [
                    "AirRotationSpeed",
                    "AirBrakePower"
                ],
                "UpgradeWeights": [
                    1.0,
                    0.4000000059604645
                ],
                "Equipped": false,
                "Bought": false,
                "MinimumRarity": 0
            },
            {
                "UpgradeName": "Aftermarket Rockets",
                "UpgradeStats": [
                    "RocketPower"
                ],
                "UpgradeWeights": [
                    14.0
                ],
                "Equipped": false,
                "Bought": false,
                "MinimumRarity": 0
            },
            {
                "UpgradeName": "Upgraded Intakes",
                "UpgradeStats": [
                    "TopSpeed",
                    "ZeroPowerSpeed"
                ],
                "UpgradeWeights": [
                    10.0,
                    25.0
                ],
                "Equipped": false,
                "Bought": false,
                "MinimumRarity": 0
            },
            {
                "UpgradeName": "Race Tires",
                "UpgradeStats": [
                    "Grip"
                ],
                "UpgradeWeights": [
                    1.0
                ],
                "Equipped": false,
                "Bought": false,
                "MinimumRarity": 0
            },
            {
                "UpgradeName": "AeroFin",
                "UpgradeStats": [
                    "TurningSpeed"
                ],
                "UpgradeWeights": [
                    2.0
                ],
                "Equipped": false,
                "Bought": false,
                "MinimumRarity": 3
            },
            {
                "UpgradeName": "Sideways Aero Intakes",
                "UpgradeStats": [
                    "DriftBoost"
                ],
                "UpgradeWeights": [
                    6.0
                ],
                "Equipped": false,
                "Bought": false,
                "MinimumRarity": 3
            },
            {
                "UpgradeName": "Stunt Package",
                "UpgradeStats": [
                    "AirRotationSpeed",
                    "AirBrakePower"
                ],
                "UpgradeWeights": [
                    2.0,
                    0.4000000059604645
                ],
                "Equipped": false,
                "Bought": false,
                "MinimumRarity": 5
            },
            {
                "UpgradeName": "Afterburners",
                "UpgradeStats": [
                    "RocketPower"
                ],
                "UpgradeWeights": [
                    14.0
                ],
                "Equipped": false,
                "Bought": false,
                "MinimumRarity": 2
            },
            {
                "UpgradeName": "Streamlined Aero",
                "UpgradeStats": [
                    "TopSpeed",
                    "ZeroPowerSpeed"
                ],
                "UpgradeWeights": [
                    10.0,
                    25.0
                ],
                "Equipped": false,
                "Bought": false,
                "MinimumRarity": 4
            },
            {
                "UpgradeName": "Racing Slicks",
                "UpgradeStats": [
                    "Grip"
                ],
                "UpgradeWeights": [
                    4.0
                ],
                "Equipped": false,
                "Bought": false,
                "MinimumRarity": 5
            },
            {
                "UpgradeName": "Ultimate Package(Debug)",
                "UpgradeStats": [
                    "Grip",
                    "BrakePower",
                    "AirBrakePower",
                    "AirRotationSpeed",
                    "TurningSpeed",
                    "TurningSpeedMax",
                    "RocketPower",
                    "DriftBoost",
                    "TopSpeed",
                    "ZeroPowerSpeed"
                ],
                "UpgradeWeights": [
                    10.0,
                    20.0,
                    2.0,
                    10.0,
                    -0.10000000149011612,
                    0.20000000298023225,
                    30.0,
                    30.0,
                    40.0,
                    40.0
                ],
                "Equipped": false,
                "Bought": false,
                "MinimumRarity": 3
            }
        ]
    },
    "Customizations": {
        "CustomizationParts": [ 
           {
            "Name":"Racing Bumper",
            "Type":3,
            "Equipped":false,
            "Purchased":false,
            "MinRarity":0,
            "Hidden":false,
  
            "CustomizationFileName":"RaceBumper"
          },          
          {
            "Name":"Stunt Bumper",
            "Type":3,
            "Equipped":false,
            "Purchased":false,
            "MinRarity":0,
            "Hidden":false,
  
            "CustomizationFileName":"StuntBumper"
          },          
          {
            "Name":"Wing(Closed)",
            "Type":5,
            "Equipped":false,
            "Purchased":true,
            "MinRarity":0,
            "Hidden":false,
  
            "CustomizationFileName":"WingClosed"
          },          
          {
            "Name":"Wing(Open)",
            "Type":5,
            "Equipped":true,
            "Purchased":false,
            "MinRarity":0,
            "Hidden":false,
  
            "CustomizationFileName":"WingExtended"
          },          
          {
            "Name":"Oceanic Roof Fin",
            "Type":5,
            "Equipped":false,
            "Purchased":false,
            "MinRarity":0,
            "Hidden":true,
  
            "CustomizationFileName":"OceanicRFin"
          },          
          {
            "Name":"Oceanic Side Fins",
            "Type":2,
            "Equipped":false,
            "Purchased":false,
            "MinRarity":0,
            "Hidden":false,
  
            "CustomizationFileName":"OceanicSFin"
          },          
          {
            "Name":"Oceanic Roof Shield",
            "Type":6,
            "Equipped":false,
            "Purchased":false,
            "MinRarity":0,
            "Hidden":false,
  
            "CustomizationFileName":"OceanicRoofShield"
          }
        ]
    },
    "CarColor": {
        "r": 1.0,
        "g": 0.0,
        "b": 1.0,
        "a": 1.0
    },
    "AllWheels": [
        {
            "WheelMeshName": "",
            "IsSteering": false,
            "MaxSteerAngle": 0.0,
            "WheelRadius": 0.25,
            "SteerLerpSpeed": 0.0,
            "WheelType": 2,
            "SuspensionStiffness": 81000.0,
            "SuspensionDamping": 10800.0,
            "SuspensionTravel": 0.20000000298023225,
            "SuspensionRestLength": 0.07999999821186066,
            "WheelThickness": 0.7400000095367432,
            "WheelOffset": {
                "x": -0.5550000071525574,
                "y": 0.020999997854232789,
                "z": -1.3329999446868897
            }
        },
        {
            "WheelMeshName": "",
            "IsSteering": false,
            "MaxSteerAngle": 0.0,
            "WheelRadius": 0.25,
            "SteerLerpSpeed": 0.0,
            "WheelType": 2,
            "SuspensionStiffness": 81000.0,
            "SuspensionDamping": 10800.0,
            "SuspensionTravel": 0.20000000298023225,
            "SuspensionRestLength": 0.07999999821186066,
            "WheelThickness": 0.7400000095367432,
            "WheelOffset": {
                "x": 0.5550000071525574,
                "y": 0.020999997854232789,
                "z": -1.3330000638961793
            }
        },
        {
            "WheelMeshName": "",
            "IsSteering": true,
            "MaxSteerAngle": 45.0,
            "WheelRadius": 0.25,
            "SteerLerpSpeed": 250.0,
            "WheelType": 0,
            "SuspensionStiffness": 150000.0,
            "SuspensionDamping": 20800.0,
            "SuspensionTravel": 0.20000000298023225,
            "SuspensionRestLength": 0.07999999821186066,
            "WheelThickness": 0.5,
            "WheelOffset": {
                "x": -0.5799999833106995,
                "y": 0.020999999716877939,
                "z": 0.847000002861023
            }
        },
        {
            "WheelMeshName": "",
            "IsSteering": true,
            "MaxSteerAngle": 45.0,
            "WheelRadius": 0.25,
            "SteerLerpSpeed": 250.0,
            "WheelType": 0,
            "SuspensionStiffness": 150000.0,
            "SuspensionDamping": 20800.0,
            "SuspensionTravel": 0.20000000298023225,
            "SuspensionRestLength": 0.07999999821186066,
            "WheelThickness": 0.5,
            "WheelOffset": {
                "x": 0.5799999833106995,
                "y": 0.020999997854232789,
                "z": 0.847000002861023
            }
        }
    ],
    "AllRockets": [
        {
            "FireNormalColor": {
                "r": 1.0,
                "g": 0.6222895383834839,
                "b": 0.12735849618911744,
                "a": 0.501960813999176
            },
            "FireBoostedColor": {
                "r": 1.0,
                "g": 0.6222895383834839,
                "b": 1.0,
                "a": 0.501960813999176
            },
            "DarkFireNormalColor": {
                "r": 1.0,
                "g": 0.23511335253715516,
                "b": 0.0,
                "a": 0.501960813999176
            },
            "DarkFireBoostedColor": {
                "r": 1.0,
                "g": 0.23511335253715516,
                "b": 1.0,
                "a": 0.501960813999176
            },
            "BoostedThreshold": 18.0,
            "BoostLimit": 28.0,
            "RocketOffset": {
                "x": -0.6919999718666077,
                "y": 0.08399999886751175,
                "z": 0.828000009059906
            },
            "RocketScale": {
                "x": 0.17400027811527253,
                "y": 0.17400027811527253,
                "z": 0.17400027811527253
            },
            "RocketRotation": {
                "x": 315.0000915527344,
                "y": 89.99858093261719,
                "z": 0.000997325754724443
            }
        },
        {
            "FireNormalColor": {
                "r": 1.0,
                "g": 0.6222895383834839,
                "b": 0.12735849618911744,
                "a": 0.501960813999176
            },
            "FireBoostedColor": {
                "r": 1.0,
                "g": 0.6222895383834839,
                "b": 1.0,
                "a": 0.501960813999176
            },
            "DarkFireNormalColor": {
                "r": 1.0,
                "g": 0.23511335253715516,
                "b": 0.0,
                "a": 0.501960813999176
            },
            "DarkFireBoostedColor": {
                "r": 1.0,
                "g": 0.23511335253715516,
                "b": 1.0,
                "a": 0.501960813999176
            },
            "BoostedThreshold": 18.0,
            "BoostLimit": 28.0,
            "RocketOffset": {
                "x": 0.6919999718666077,
                "y": 0.08399999886751175,
                "z": 0.828000009059906
            },
            "RocketScale": {
                "x": 0.17400027811527253,
                "y": 0.17400027811527253,
                "z": 0.17400027811527253
            },
            "RocketRotation": {
                "x": 45.000003814697269,
                "y": 89.99899291992188,
                "z": 0.000994912814348936
            }
        },
        {
            "FireNormalColor": {
                "r": 1.0,
                "g": 0.6222895383834839,
                "b": 0.12735849618911744,
                "a": 0.501960813999176
            },
            "FireBoostedColor": {
                "r": 1.0,
                "g": 0.6222895383834839,
                "b": 1.0,
                "a": 0.501960813999176
            },
            "DarkFireNormalColor": {
                "r": 1.0,
                "g": 0.23511335253715516,
                "b": 0.0,
                "a": 0.501960813999176
            },
            "DarkFireBoostedColor": {
                "r": 1.0,
                "g": 0.23511335253715516,
                "b": 1.0,
                "a": 0.501960813999176
            },
            "BoostedThreshold": 18.0,
            "BoostLimit": 28.0,
            "RocketOffset": {
                "x": -0.6919999718666077,
                "y": 0.08399999886751175,
                "z": -1.3040000200271607
            },
            "RocketScale": {
                "x": 0.17400027811527253,
                "y": 0.17400027811527253,
                "z": 0.17400027811527253
            },
            "RocketRotation": {
                "x": 315.0000915527344,
                "y": 89.99858093261719,
                "z": 0.000997325754724443
            }
        },
        {
            "FireNormalColor": {
                "r": 1.0,
                "g": 0.6222895383834839,
                "b": 0.12735849618911744,
                "a": 0.501960813999176
            },
            "FireBoostedColor": {
                "r": 1.0,
                "g": 0.6222895383834839,
                "b": 1.0,
                "a": 0.501960813999176
            },
            "DarkFireNormalColor": {
                "r": 1.0,
                "g": 0.23511335253715516,
                "b": 0.0,
                "a": 0.501960813999176
            },
            "DarkFireBoostedColor": {
                "r": 1.0,
                "g": 0.23511335253715516,
                "b": 1.0,
                "a": 0.501960813999176
            },
            "BoostedThreshold": 18.0,
            "BoostLimit": 28.0,
            "RocketOffset": {
                "x": 0.6919999718666077,
                "y": 0.08399999886751175,
                "z": -1.303999900817871
            },
            "RocketScale": {
                "x": 0.17400027811527253,
                "y": 0.17400027811527253,
                "z": 0.17400027811527253
            },
            "RocketRotation": {
                "x": 45.000003814697269,
                "y": 89.99899291992188,
                "z": 0.000994912814348936
            }
        }
    ],
    "AllLights": [
        {
            "LightIndex": "headlight",
            "LightType": "spot",
            "LightAngle": 72.30000305175781,
            "LightRange": 0.0,
            "LightPower": 100.0,
            "LightColor": {
                "r": 0.5944290161132813,
                "g": 1.0,
                "b": 0.5896226167678833,
                "a": 1.0
            },
            "LightOffset": {
                "x": 0.5350000262260437,
                "y": 0.004000000189989805,
                "z": 1.350000023841858
            },
            "LightRotation": {
                "x": 14.99997329711914,
                "y": 0.0,
                "z": 0.0
            }
        },
        {
            "LightIndex": "headlight",
            "LightType": "spot",
            "LightAngle": 72.30000305175781,
            "LightRange": 0.0,
            "LightPower": 100.0,
            "LightColor": {
                "r": 0.5944290161132813,
                "g": 1.0,
                "b": 0.5896226167678833,
                "a": 1.0
            },
            "LightOffset": {
                "x": -0.5350000262260437,
                "y": 0.004000000189989805,
                "z": 1.350000023841858
            },
            "LightRotation": {
                "x": 14.99997329711914,
                "y": 0.0,
                "z": 0.0
            }
        },
        {
            "LightIndex": "taillight",
            "LightType": "spot",
            "LightAngle": 72.30000305175781,
            "LightRange": 0.0,
            "LightPower": 10.0,
            "LightColor": {
                "r": 1.0,
                "g": 0.0,
                "b": 0.0,
                "a": 1.0
            },
            "LightOffset": {
                "x": 0.0,
                "y": 0.15199999511241914,
                "z": -1.593000054359436
            },
            "LightRotation": {
                "x": 15.000000953674317,
                "y": 180.0,
                "z": 5.268403985639325e-14
            }
        }
    ]
}
