{
    "BaseStats": {
        "Name": "Runner",
        "ManufacturerName": "Rocketeer",
        "Type": 0,
        "Mass": 1000.0,
        "MagnetStrength": 1.5,
        "MagnetDistance": 120.0,
        "TurningDecay": 60.0,
        "OverTurningDecayMultiplier": 1.0,
        "DragCoefficient": 0.20000000298023225,
        "AngularDragCoefficient": 0.5,
        "CollisionCooldownTime": 0.20000000298023225,
        "IsColorable": false,
        "DefaultColor": {
            "r": 1.0,
            "g": 0.40400001406669619,
            "b": 0.20000000298023225,
            "a": 1.0
        },
        "CarRarity": 0,
        "MinRarity": 0,
        "CenterOffset": {
            "x": 0.0,
            "y": 0.0,
            "z": 0.1
        }
    },
    "StockStats": {
        "Grip": 2.9,
        "BrakePower": 32.0,
        "TurningSpeed": 3.2,
        "TurningSpeedMax": 0.32,
        "AirBrakePower": 0.6,
        "AirRotationSpeed": 5.0,
        "RocketPower": 23.0,
        "DriftBoost": 0.0,
        "TopSpeed": 66.0,
        "ZeroPowerSpeed": 75.0
    },
    "MaxedStats": {
        "Grip": 0.0,
        "BrakePower": 0.0,
        "TurningSpeed": 0.0,
        "TurningSpeedMax": 0.0,
        "AirBrakePower": 0.0,
        "AirRotationSpeed": 0.0,
        "RocketPower": 0.0,
        "DriftBoost": 0.0,
        "TopSpeed": 0.0,
        "ZeroPowerSpeed": 0.0
    },
    "Upgrades": {
        "Upgradeable": true,
        "Upgrades": [
            {
                "UpgradeName": "Rudder",
                "UpgradeStats": [
                    "TurningSpeed"
                ],
                "UpgradeWeights": [
                    1.0
                ],
                "Equipped": false,
                "Bought": false,
                "MinimumRarity": 0
            },
            {
                "UpgradeName": "Side Intakes",
                "UpgradeStats": [
                    "DriftBoost"
                ],
                "UpgradeWeights": [
                    3.0
                ],
                "Equipped": false,
                "Bought": false,
                "MinimumRarity": 0
            },
            {
                "UpgradeName": "Aero Package",
                "UpgradeStats": [
                    "AirRotationSpeed",
                    "AirBrakePower"
                ],
                "UpgradeWeights": [
                    1.0,
                    0.4000000059604645
                ],
                "Equipped": false,
                "Bought": false,
                "MinimumRarity": 0
            },
            {
                "UpgradeName": "Aftermarket Rockets",
                "UpgradeStats": [
                    "RocketPower"
                ],
                "UpgradeWeights": [
                    14.0
                ],
                "Equipped": false,
                "Bought": false,
                "MinimumRarity": 0
            },
            {
                "UpgradeName": "Upgraded Intakes",
                "UpgradeStats": [
                    "TopSpeed",
                    "ZeroPowerSpeed"
                ],
                "UpgradeWeights": [
                    10.0,
                    25.0
                ],
                "Equipped": false,
                "Bought": false,
                "MinimumRarity": 0
            },
            {
                "UpgradeName": "Race Tires",
                "UpgradeStats": [
                    "Grip"
                ],
                "UpgradeWeights": [
                    1.0
                ],
                "Equipped": false,
                "Bought": false,
                "MinimumRarity": 0
            },
            {
                "UpgradeName": "AeroFin",
                "UpgradeStats": [
                    "TurningSpeed"
                ],
                "UpgradeWeights": [
                    2.0
                ],
                "Equipped": false,
                "Bought": false,
                "MinimumRarity": 3
            },
            {
                "UpgradeName": "Sideways Aero Intakes",
                "UpgradeStats": [
                    "DriftBoost"
                ],
                "UpgradeWeights": [
                    6.0
                ],
                "Equipped": false,
                "Bought": false,
                "MinimumRarity": 3
            },
            {
                "UpgradeName": "Stunt Package",
                "UpgradeStats": [
                    "AirRotationSpeed",
                    "AirBrakePower"
                ],
                "UpgradeWeights": [
                    2.0,
                    0.4000000059604645
                ],
                "Equipped": false,
                "Bought": false,
                "MinimumRarity": 5
            },
            {
                "UpgradeName": "Afterburners",
                "UpgradeStats": [
                    "RocketPower"
                ],
                "UpgradeWeights": [
                    14.0
                ],
                "Equipped": false,
                "Bought": false,
                "MinimumRarity": 2
            },
            {
                "UpgradeName": "Streamlined Aero",
                "UpgradeStats": [
                    "TopSpeed",
                    "ZeroPowerSpeed"
                ],
                "UpgradeWeights": [
                    10.0,
                    25.0
                ],
                "Equipped": false,
                "Bought": false,
                "MinimumRarity": 4
            },
            {
                "UpgradeName": "Racing Slicks",
                "UpgradeStats": [
                    "Grip"
                ],
                "UpgradeWeights": [
                    4.0
                ],
                "Equipped": false,
                "Bought": false,
                "MinimumRarity": 5
            },
            {
                "UpgradeName": "Ultimate Package(Debug)",
                "UpgradeStats": [
                    "Grip",
                    "BrakePower",
                    "AirBrakePower",
                    "AirRotationSpeed",
                    "TurningSpeed",
                    "TurningSpeedMax",
                    "RocketPower",
                    "DriftBoost",
                    "TopSpeed",
                    "ZeroPowerSpeed"
                ],
                "UpgradeWeights": [
                    10.0,
                    20.0,
                    2.0,
                    10.0,
                    -0.10000000149011612,
                    0.20000000298023225,
                    30.0,
                    30.0,
                    40.0,
                    40.0
                ],
                "Equipped": false,
                "Bought": false,
                "MinimumRarity": 3
            }
        ]
    },
    "Customizations": {
        "CustomizationParts": [
          {
          "Name":"Splitter",
          "Type":3,
          "Equipped":false,
          "Purchased":false,
          "MinRarity":0,
          "Hidden":false,

          "CustomizationFileName":"RunnerSplitter"
        },
          {
          "Name":"Diffuser",
          "Type":4,
          "Equipped":false,
          "Purchased":false,
          "MinRarity":0,
          "Hidden":false,

          "CustomizationFileName":"RunnerDiffuser"
        },
        {
        "Name":"Spoiler",
        "Type":5,
        "Equipped":false,
        "Purchased":false,
        "MinRarity":0,
        "Hidden":false,

        "CustomizationFileName":"RunnerWing"
      }
      ]
    },
    "CarColor": {
        "r": 1.0,
        "g": 0.40400001406669619,
        "b": 0.20000000298023225,
        "a": 1.0
    },
    "AllWheels": [
        {
            "WheelMeshName": "",
            "IsSteering": false,
            "MaxSteerAngle": 0.0,
            "WheelRadius": 0.2199999988079071,
            "SteerLerpSpeed": 0.0,
            "WheelType": 2,
            "SuspensionStiffness": 900000.0,
            "SuspensionDamping": 120000.0,
            "SuspensionTravel": 0.20000000298023225,
            "SuspensionRestLength": 0.05000000074505806,
            "WheelThickness": 0.9100000262260437,
            "WheelOffset": {
                "x": -0.6010000109672546,
                "y": -0.029999999329447748,
                "z": -0.8169999718666077
            }
        },
        {
            "WheelMeshName": "",
            "IsSteering": false,
            "MaxSteerAngle": 0.0,
            "WheelRadius": 0.2199999988079071,
            "SteerLerpSpeed": 0.0,
            "WheelType": 2,
            "SuspensionStiffness": 900000.0,
            "SuspensionDamping": 120000.0,
            "SuspensionTravel": 0.20000000298023225,
            "SuspensionRestLength": 0.05000000074505806,
            "WheelThickness": 0.9100000262260437,
            "WheelOffset": {
                "x": 0.6010000109672546,
                "y": -0.029999999329447748,
                "z": -0.8169999718666077
            }
        },
        {
            "WheelMeshName": "",
            "IsSteering": true,
            "MaxSteerAngle": 75.0,
            "WheelRadius": 0.2199999988079071,
            "SteerLerpSpeed": 150.0,
            "WheelType": 0,
            "SuspensionStiffness": 1200000.0,
            "SuspensionDamping": 120000.0,
            "SuspensionTravel": 0.20000000298023225,
            "SuspensionRestLength": 0.05000000074505806,
            "WheelThickness": 0.6499999761581421,
            "WheelOffset": {
                "x": -0.5699999928474426,
                "y": -0.029999999329447748,
                "z": 1.0880000591278077
            }
        },
        {
            "WheelMeshName": "",
            "IsSteering": true,
            "MaxSteerAngle": 75.0,
            "WheelRadius": 0.2199999988079071,
            "SteerLerpSpeed": 150.0,
            "WheelType": 0,
            "SuspensionStiffness": 1200000.0,
            "SuspensionDamping": 120000.0,
            "SuspensionTravel": 0.20000000298023225,
            "SuspensionRestLength": 0.05000000074505806,
            "WheelThickness": 0.6499999761581421,
            "WheelOffset": {
                "x": 0.5699999928474426,
                "y": -0.029999999329447748,
                "z": 1.0880000591278077
            }
        }
    ],
    "AllRockets": [
        {
            "FireNormalColor": {
                "r": 1.0,
                "g": 0.6222895383834839,
                "b": 0.12735849618911744,
                "a": 0.501960813999176
            },
            "FireBoostedColor": {
                "r": 1.0,
                "g": 0.6222895383834839,
                "b": 1.0,
                "a": 0.501960813999176
            },
            "DarkFireNormalColor": {
                "r": 1.0,
                "g": 0.23511335253715516,
                "b": 0.0,
                "a": 0.501960813999176
            },
            "DarkFireBoostedColor": {
                "r": 1.0,
                "g": 0.23511335253715516,
                "b": 1.0,
                "a": 0.501960813999176
            },
            "BoostedThreshold": 18.0,
            "BoostLimit": 28.0,
            "RocketOffset": {
                "x": -0.375,
                "y": 0.27399998903274538,
                "z": -1.840999960899353
            },
            "RocketScale": {
                "x": 0.2831571102142334,
                "y": 0.2831571102142334,
                "z": 0.2831571102142334
            },
            "RocketRotation": {
                "x": 270.0,
                "y": 0.0,
                "z": 0.0
            }
        },
        {
            "FireNormalColor": {
                "r": 1.0,
                "g": 0.6222895383834839,
                "b": 0.12735849618911744,
                "a": 0.501960813999176
            },
            "FireBoostedColor": {
                "r": 1.0,
                "g": 0.6222895383834839,
                "b": 1.0,
                "a": 0.501960813999176
            },
            "DarkFireNormalColor": {
                "r": 1.0,
                "g": 0.23511335253715516,
                "b": 0.0,
                "a": 0.501960813999176
            },
            "DarkFireBoostedColor": {
                "r": 1.0,
                "g": 0.23511335253715516,
                "b": 1.0,
                "a": 0.501960813999176
            },
            "BoostedThreshold": 18.0,
            "BoostLimit": 28.0,
            "RocketOffset": {
                "x": 0.375,
                "y": 0.27399998903274538,
                "z": -1.840999960899353
            },
            "RocketScale": {
                "x": 0.2831571102142334,
                "y": 0.2831571102142334,
                "z": 0.2831571102142334
            },
            "RocketRotation": {
                "x": 270.0,
                "y": 0.0,
                "z": 0.0
            }
        }
    ],
    "AllLights": []
}
