{
    "BaseStats": {
        "Name": "Drahgoon",
        "ManufacturerName": "Kar",
        "Type": 0,
        "Mass": 250.0,
        "MagnetStrength": 2.0,
        "MagnetDistance": 80.0,
        "TurningDecay": 120.0,
        "OverTurningDecayMultiplier": 1.0,
        "DragCoefficient": 0.20999999344348908,
        "AngularDragCoefficient": 0.15000000596046449,
        "CollisionCooldownTime": 1.0,
        "WaterAffinity": 0.20000000298023225,
        "IsColorable": false,
        "DefaultColor": {
            "r": 1.0,
            "g": 1.0,
            "b": 1.0,
            "a": 0.0
        },
        "CarDecals": [],
        "EquippedDecal": "",
        "CarRarity": 0,
        "MinRarity": 2,
        "CenterOffset": {
            "x": 0.0,
            "y": -0.9900000095367432,
            "z": 0.0
        }
    },
    "StockStats": {
        "Grip": 19.0,
        "BrakePower": 19.0,
        "TurningSpeed": 2.5,
        "TurningSpeedMax": 0.2800000011920929,
        "AirBrakePower": 0.699999988079071,
        "AirRotationSpeed": 3.5999999046325685,
        "RocketPower": 42.0,
        "DriftBoost": 14.0,
        "TopSpeed": 91.0,
        "ZeroPowerSpeed": 124.0
    },
    "MaxedStats": {
        "Grip": 0.0,
        "BrakePower": 0.0,
        "TurningSpeed": 0.0,
        "TurningSpeedMax": 0.0,
        "AirBrakePower": 0.0,
        "AirRotationSpeed": 0.0,
        "RocketPower": 0.0,
        "DriftBoost": 0.0,
        "TopSpeed": 0.0,
        "ZeroPowerSpeed": 0.0
    },
    "Upgrades": {
        "Upgradeable": true,
        "Upgrades": [
            {
                "UpgradeName": "Rudder",
                "UpgradeStats": [
                    "TurningSpeed"
                ],
                "UpgradeWeights": [
                    1.0
                ],
                "Equipped": false,
                "Bought": false,
                "MinimumRarity": 0
            },
            {
                "UpgradeName": "Side Intakes",
                "UpgradeStats": [
                    "DriftBoost"
                ],
                "UpgradeWeights": [
                    3.0
                ],
                "Equipped": false,
                "Bought": false,
                "MinimumRarity": 0
            },
            {
                "UpgradeName": "Aero Package",
                "UpgradeStats": [
                    "AirRotationSpeed",
                    "AirBrakePower"
                ],
                "UpgradeWeights": [
                    1.0,
                    0.4000000059604645
                ],
                "Equipped": false,
                "Bought": false,
                "MinimumRarity": 0
            },
            {
                "UpgradeName": "Aftermarket Rockets",
                "UpgradeStats": [
                    "RocketPower"
                ],
                "UpgradeWeights": [
                    14.0
                ],
                "Equipped": false,
                "Bought": false,
                "MinimumRarity": 0
            },
            {
                "UpgradeName": "Upgraded Intakes",
                "UpgradeStats": [
                    "TopSpeed",
                    "ZeroPowerSpeed"
                ],
                "UpgradeWeights": [
                    10.0,
                    25.0
                ],
                "Equipped": false,
                "Bought": false,
                "MinimumRarity": 0
            },
            {
                "UpgradeName": "Race Tires",
                "UpgradeStats": [
                    "Grip"
                ],
                "UpgradeWeights": [
                    1.0
                ],
                "Equipped": false,
                "Bought": false,
                "MinimumRarity": 0
            },
            {
                "UpgradeName": "AeroFin",
                "UpgradeStats": [
                    "TurningSpeed"
                ],
                "UpgradeWeights": [
                    2.0
                ],
                "Equipped": false,
                "Bought": false,
                "MinimumRarity": 3
            },
            {
                "UpgradeName": "Sideways Aero Intakes",
                "UpgradeStats": [
                    "DriftBoost"
                ],
                "UpgradeWeights": [
                    6.0
                ],
                "Equipped": false,
                "Bought": false,
                "MinimumRarity": 3
            },
            {
                "UpgradeName": "Stunt Package",
                "UpgradeStats": [
                    "AirRotationSpeed",
                    "AirBrakePower"
                ],
                "UpgradeWeights": [
                    2.0,
                    0.4000000059604645
                ],
                "Equipped": false,
                "Bought": false,
                "MinimumRarity": 5
            },
            {
                "UpgradeName": "Afterburners",
                "UpgradeStats": [
                    "RocketPower"
                ],
                "UpgradeWeights": [
                    14.0
                ],
                "Equipped": false,
                "Bought": false,
                "MinimumRarity": 2
            },
            {
                "UpgradeName": "Streamlined Aero",
                "UpgradeStats": [
                    "TopSpeed",
                    "ZeroPowerSpeed"
                ],
                "UpgradeWeights": [
                    10.0,
                    25.0
                ],
                "Equipped": false,
                "Bought": false,
                "MinimumRarity": 4
            },
            {
                "UpgradeName": "Racing Slicks",
                "UpgradeStats": [
                    "Grip"
                ],
                "UpgradeWeights": [
                    4.0
                ],
                "Equipped": false,
                "Bought": false,
                "MinimumRarity": 5
            },
            {
                "UpgradeName": "Ultimate Package(Debug)",
                "UpgradeStats": [
                    "Grip",
                    "BrakePower",
                    "AirBrakePower",
                    "AirRotationSpeed",
                    "TurningSpeed",
                    "TurningSpeedMax",
                    "RocketPower",
                    "DriftBoost",
                    "TopSpeed",
                    "ZeroPowerSpeed"
                ],
                "UpgradeWeights": [
                    10.0,
                    20.0,
                    2.0,
                    10.0,
                    -0.10000000149011612,
                    0.20000000298023225,
                    30.0,
                    30.0,
                    40.0,
                    40.0
                ],
                "Equipped": false,
                "Bought": false,
                "MinimumRarity": 3
            }
        ]
    },
    "Customizations": {
        "CustomizationParts": [

                  {
                    "Name":"Fenders",
                    "Type":2,
                    "Equipped":true,
                    "Purchased":true,
                    "MinRarity":1,
                    "Hidden":false,

                    "CustomizationFileName":"Skirts"
                  },
                  {
                    "Name":"Tail",
                    "Type":5,
                    "Equipped":false,
                    "Purchased":false,
                    "MinRarity":0,
                    "Hidden":false,

                    "CustomizationFileName":"Tail"
                  }
        ]
    },
    "CarColor": {
        "r": 1.0,
        "g": 1.0,
        "b": 1.0,
        "a": 1.0
    },
    "AllWheels": [
        {
            "WheelMeshName": "Main",
            "IsSteering": true,
            "MaxSteerAngle": 3.0,
            "WheelRadius": 0.17000000178813935,
            "SteerLerpSpeed": 250.0,
            "WheelType": 2,
            "SuspensionStiffness": 90000.0,
            "SuspensionDamping": 12000.0,
            "SuspensionTravel": 0.3400000035762787,
            "SuspensionRestLength": 0.05999999865889549,
            "WheelThickness": 0.19074274599552155,
            "WheelOffset": {
                "x": -0.28299999237060549,
                "y": 0.031999990344047549,
                "z": -0.37599998712539675
            }
        },
        {
            "WheelMeshName": "Main",
            "IsSteering": true,
            "MaxSteerAngle": 3.0,
            "WheelRadius": 0.17000000178813935,
            "SteerLerpSpeed": 250.0,
            "WheelType": 2,
            "SuspensionStiffness": 90000.0,
            "SuspensionDamping": 12000.0,
            "SuspensionTravel": 0.3400000035762787,
            "SuspensionRestLength": 0.05999999865889549,
            "WheelThickness": 0.19074274599552155,
            "WheelOffset": {
                "x": 0.28299999237060549,
                "y": 0.031999990344047549,
                "z": -0.37599998712539675
            }
        },
        {
            "WheelMeshName": "Main",
            "IsSteering": true,
            "MaxSteerAngle": 45.0,
            "WheelRadius": 0.17000000178813935,
            "SteerLerpSpeed": 250.0,
            "WheelType": 0,
            "SuspensionStiffness": 90000.0,
            "SuspensionDamping": 12000.0,
            "SuspensionTravel": 0.3400000035762787,
            "SuspensionRestLength": 0.05999999865889549,
            "WheelThickness": 0.19074274599552155,
            "WheelOffset": {
                "x": -0.28299999237060549,
                "y": 0.03200000524520874,
                "z": 0.37099993228912356
            }
        },
        {
            "WheelMeshName": "Main",
            "IsSteering": true,
            "MaxSteerAngle": 45.0,
            "WheelRadius": 0.17000000178813935,
            "SteerLerpSpeed": 250.0,
            "WheelType": 0,
            "SuspensionStiffness": 90000.0,
            "SuspensionDamping": 12000.0,
            "SuspensionTravel": 0.3400000035762787,
            "SuspensionRestLength": 0.05999999865889549,
            "WheelThickness": 0.19074274599552155,
            "WheelOffset": {
                "x": 0.28299999237060549,
                "y": 0.03200000151991844,
                "z": 0.3709999918937683
            }
        }
    ],
    "AllRockets": [],
    "AllLights": [],
    "AllDecals": []
}
