{
    "BaseStats": {
        "Name": "Titan",
        "ManufacturerName": "Vigilante",
        "Type": 1,
        "Mass": 1300.0,
        "MagnetStrength": 1.399999976158142,
        "MagnetDistance": 110.0,
        "TurningDecay": 70.0,
        "OverTurningDecayMultiplier": 1.0,
        "DragCoefficient": 0.15,
        "AngularDragCoefficient": 0.69,
        "CollisionCooldownTime": 0.20000000298023225,
        "WaterAffinity": 0.4000000059604645,
        "IsColorable": false,
        "DefaultColor": {
            "r": 0.5934051275253296,
            "g": 0.9905660152435303,
            "b": 0.9152942299842835,
            "a": 0.0
        },
        "CarDecals": [
            {
                "Name": "",
                "FileName": "",
                "Hidden": false
            },
            {
                "Name": "",
                "FileName": "",
                "Hidden": false
            }
        ],
        "EquippedDecal": "",
        "CarRarity": 0,
        "MinRarity": 0,
        "CenterOffset": {
            "x": 0.0,
            "y": 0.0,
            "z": 0.0
        }
    },
    "StockStats": {
        "Grip": 2.4,
        "BrakePower": 35.0,
        "TurningSpeed": 4.0,
        "TurningSpeedMax": 0.6000000238418579,
        "AirBrakePower": 0.800000011920929,
        "AirRotationSpeed": 5.0,
        "RocketPower": 10.0,
        "DriftBoost": 15.0,
        "TopSpeed": 60.0,
        "ZeroPowerSpeed": 75.0
    },
    "MaxedStats": {
        "Grip": 0.0,
        "BrakePower": 0.0,
        "TurningSpeed": 0.0,
        "TurningSpeedMax": 0.0,
        "AirBrakePower": 0.0,
        "AirRotationSpeed": 0.0,
        "RocketPower": 0.0,
        "DriftBoost": 0.0,
        "TopSpeed": 0.0,
        "ZeroPowerSpeed": 0.0
    },
    "Upgrades": {
        "Upgradeable": false,
        "Upgrades": []
    },
    "Customizations": {
        "CustomizationParts": []
    },
    "CarColor": {
        "r": 0.4431372284889221,
        "g": 0.729411780834198,
        "b": 0.5098038911819458,
        "a": 1.0
    },
    "AllWheels": [
        {
            "WheelMeshName": "Main",
            "IsSteering": false,
            "MaxSteerAngle": 0.0,
            "WheelRadius": 0.20095910131931306,
            "SteerLerpSpeed": 250.0,
            "WheelType": 2,
            "SuspensionStiffness": 450000.0,
            "SuspensionDamping": 9000.0,
            "SuspensionTravel": 0.1599999964237213,
            "SuspensionRestLength": 0.07000000029802323,
            "WheelThickness": 0.4019182324409485,
            "WheelOffset": {
                "x": -0.39899998903274538,
                "y": 0.014000000432133675,
                "z": -0.6759999990463257
            }
        },
        {
            "WheelMeshName": "Main",
            "IsSteering": false,
            "MaxSteerAngle": 0.0,
            "WheelRadius": 0.20095910131931306,
            "SteerLerpSpeed": 250.0,
            "WheelType": 2,
            "SuspensionStiffness": 450000.0,
            "SuspensionDamping": 9000.0,
            "SuspensionTravel": 0.1599999964237213,
            "SuspensionRestLength": 0.07000000029802323,
            "WheelThickness": 0.4019182324409485,
            "WheelOffset": {
                "x": 0.39899998903274538,
                "y": 0.014000000432133675,
                "z": -0.6759999990463257
            }
        },
        {
            "WheelMeshName": "Main",
            "IsSteering": true,
            "MaxSteerAngle": 25.0,
            "WheelRadius": 0.20095910131931306,
            "SteerLerpSpeed": 250.0,
            "WheelType": 0,
            "SuspensionStiffness": 450000.0,
            "SuspensionDamping": 9000.0,
            "SuspensionTravel": 0.1599999964237213,
            "SuspensionRestLength": 0.07000000029802323,
            "WheelThickness": 0.4019182324409485,
            "WheelOffset": {
                "x": -0.39899998903274538,
                "y": 0.014000000432133675,
                "z": 0.6080003976821899
            }
        },
        {
            "WheelMeshName": "Main",
            "IsSteering": true,
            "MaxSteerAngle": 25.0,
            "WheelRadius": 0.20095910131931306,
            "SteerLerpSpeed": 250.0,
            "WheelType": 0,
            "SuspensionStiffness": 450000.0,
            "SuspensionDamping": 9000.0,
            "SuspensionTravel": 0.1599999964237213,
            "SuspensionRestLength": 0.07000000029802323,
            "WheelThickness": 0.4019182324409485,
            "WheelOffset": {
                "x": 0.39899998903274538,
                "y": 0.014000000432133675,
                "z": 0.6079999804496765
            }
        }
    ],
    "AllRockets": [
        {
            "FireNormalColor": {
                "r": 1.0,
                "g": 0.6222895383834839,
                "b": 0.12735849618911744,
                "a": 0.501960813999176
            },
            "FireBoostedColor": {
                "r": 1.0,
                "g": 0.6222895383834839,
                "b": 1.0,
                "a": 0.501960813999176
            },
            "DarkFireNormalColor": {
                "r": 1.0,
                "g": 0.23511335253715516,
                "b": 0.0,
                "a": 0.501960813999176
            },
            "DarkFireBoostedColor": {
                "r": 1.0,
                "g": 0.23511335253715516,
                "b": 1.0,
                "a": 0.501960813999176
            },
            "BoostedThreshold": 15.0,
            "BoostLimit": 20.0,
            "RocketOffset": {
                "x": 0.0,
                "y": 0.36899998784065249,
                "z": -1.1019999980926514
            },
            "RocketScale": {
                "x": 0.23368389904499055,
                "y": 0.23368389904499055,
                "z": 0.23368389904499055
            },
            "RocketRotation": {
                "x": 270.0,
                "y": 0.0,
                "z": 0.0
            }
        }
    ],
    "AllLights": [
        {
            "LightIndex": "taillight",
            "LightType": "spot",
            "LightAngle": 72.30000305175781,
            "LightRange": 0.0,
            "LightPower": 100.0,
            "LightColor": {
                "r": 1.0,
                "g": 0.0,
                "b": 0.0,
                "a": 0.0
            },
            "LightOffset": {
                "x": -0.29899999499320986,
                "y": 0.210999995470047,
                "z": -1.1032999753952027
            },
            "LightRotation": {
                "x": -0.0000021086771084810609,
                "y": 185.3694305419922,
                "z": 4.6870329128978485e-7
            }
        },
        {
            "LightIndex": "taillight",
            "LightType": "spot",
            "LightAngle": 72.30000305175781,
            "LightRange": 0.0,
            "LightPower": 100.0,
            "LightColor": {
                "r": 1.0,
                "g": 0.0,
                "b": 0.0,
                "a": 0.0
            },
            "LightOffset": {
                "x": 0.29899999499320986,
                "y": 0.210999995470047,
                "z": -1.1032999753952027
            },
            "LightRotation": {
                "x": 0.0,
                "y": 174.63101196289063,
                "z": 0.0
            }
        },
        {
            "LightIndex": "headlight",
            "LightType": "spot",
            "LightAngle": 72.30000305175781,
            "LightRange": 0.0,
            "LightPower": 500.0,
            "LightColor": {
                "r": 1.0,
                "g": 1.0,
                "b": 0.6449999809265137,
                "a": 0.0
            },
            "LightOffset": {
                "x": 0.34599998593330386,
                "y": 0.13699999451637269,
                "z": 0.9229999780654907
            },
            "LightRotation": {
                "x": 0.0000024893890895327788,
                "y": 5.369471549987793,
                "z": -2.572044195403578e-7
            }
        },
        {
            "LightIndex": "headlight",
            "LightType": "spot",
            "LightAngle": 72.30000305175781,
            "LightRange": 0.0,
            "LightPower": 500.0,
            "LightColor": {
                "r": 1.0,
                "g": 1.0,
                "b": 0.6449999809265137,
                "a": 0.0
            },
            "LightOffset": {
                "x": -0.3460020124912262,
                "y": 0.13699989020824433,
                "z": 0.9229999780654907
            },
            "LightRotation": {
                "x": 0.0,
                "y": 354.6309814453125,
                "z": 0.0
            }
        }
    ],
    "AllDecals": []
}