{
  "meshes": [
    {
      "width": 11.0,
      "x": 73.5,
      "y": -49.15,
      "rotation": 89.99983,
      "ID": 0,
      "nextID": 1,
      "prevID": 15,
      "nextTangentDistance": 14.77,
      "prevTangentDistance": 0.0
    },
    {
      "width": 11.0,
      "x": 54.89,
      "y": -49.17,
      "rotation": 90.0,
      "ID": 1,
      "nextID": 2,
      "prevID": 0,
      "nextTangentDistance": 11.8,
      "prevTangentDistance": 5.49
    },
    {
      "width": 13.0,
      "x": 39.0,
      "y": -45.2,
      "rotation": 43.77728,
      "ID": 2,
      "nextID": 3,
      "prevID": 1,
      "nextTangentDistance": 4.6,
      "prevTangentDistance": 4.16
    },
    {
      "width": 12.0,
      "x": 35.55,
      "y": -32.12,
      "rotation": 0.0,
      "ID": 3,
      "nextID": 4,
      "prevID": 2,
      "nextTangentDistance": 9.46,
      "prevTangentDistance": 5.85
    },
    {
      "width": 13.0,
      "x": 37.0,
      "y": -17.3,
      "rotation": 329.8478,
      "ID": 4,
      "nextID": 5,
      "prevID": 3,
      "nextTangentDistance": 3.0,
      "prevTangentDistance": 3.0
    },
    {
      "width": 12.0,
      "x": 48.4,
      "y": -11.7,
      "rotation": 269.999817,
      "ID": 5,
      "nextID": 6,
      "prevID": 4,
      "nextTangentDistance": 6.8,
      "prevTangentDistance": 7.72
    },
    {
      "width": 11.0,
      "x": 58.5,
      "y": -18.0,
      "rotation": 214.635361,
      "ID": 6,
      "nextID": 7,
      "prevID": 5,
      "nextTangentDistance": 2.94,
      "prevTangentDistance": 2.73
    },
    {
      "width": 11.0,
      "x": 63.4,
      "y": -26.7,
      "rotation": 228.676361,
      "ID": 7,
      "nextID": 8,
      "prevID": 6,
      "nextTangentDistance": 3.0,
      "prevTangentDistance": 3.0
    },
    {
      "width": 12.0,
      "x": 73.4,
      "y": -30.5,
      "rotation": 270.0,
      "ID": 8,
      "nextID": 9,
      "prevID": 7,
      "nextTangentDistance": 5.6,
      "prevTangentDistance": 6.2
    },
    {
      "width": 12.0,
      "x": 82.9,
      "y": -27.6,
      "rotation": 308.498047,
      "ID": 9,
      "nextID": 10,
      "prevID": 8,
      "nextTangentDistance": 3.0,
      "prevTangentDistance": 3.0
    },
    {
      "width": 11.0,
      "x": 88.3,
      "y": -19.0,
      "rotation": 323.023468,
      "ID": 10,
      "nextID": 11,
      "prevID": 9,
      "nextTangentDistance": 2.94,
      "prevTangentDistance": 1.59
    },
    {
      "width": 12.0,
      "x": 98.4,
      "y": -12.2,
      "rotation": 269.999725,
      "ID": 11,
      "nextID": 12,
      "prevID": 10,
      "nextTangentDistance": 4.7,
      "prevTangentDistance": 6.49
    },
    {
      "width": 13.0,
      "x": 108.5,
      "y": -16.7,
      "rotation": 220.5441,
      "ID": 12,
      "nextID": 13,
      "prevID": 11,
      "nextTangentDistance": 3.0,
      "prevTangentDistance": 3.0
    },
    {
      "width": 12.0,
      "x": 110.9,
      "y": -30.8,
      "rotation": 180.0,
      "ID": 13,
      "nextID": 14,
      "prevID": 12,
      "nextTangentDistance": 9.61,
      "prevTangentDistance": 6.5
    },
    {
      "width": 13.0,
      "x": 108.2,
      "y": -44.3,
      "rotation": 142.494659,
      "ID": 14,
      "nextID": 15,
      "prevID": 13,
      "nextTangentDistance": 3.0,
      "prevTangentDistance": 3.0
    },
    {
      "width": 11.0,
      "x": 92.4,
      "y": -49.2,
      "rotation": 90.0,
      "ID": 15,
      "nextID": 0,
      "prevID": 14,
      "nextTangentDistance": 8.01,
      "prevTangentDistance": 11.89
    }
  ]
}