{
  "meshes": [
    {
      "width": 10.0,
      "x": 48.539,
      "y": -42.336,
      "rotation": 89.99983,
      "ID": 0,
      "nextID": 1,
      "prevID": 45,
      "nextTangentDistance": 5.9,
      "prevTangentDistance": 0.0
    },
    {
      "width": 10.0,
      "x": 38.595,
      "y": -42.29899,
      "rotation": 87.6674042,
      "ID": 1,
      "nextID": 2,
      "prevID": 0,
      "nextTangentDistance": 3.2,
      "prevTangentDistance": 3.2
    },
    {
      "width": 10.0,
      "x": 29.3755035,
      "y": -41.8669968,
      "rotation": 87.4226761,
      "ID": 2,
      "nextID": 3,
      "prevID": 1,
      "nextTangentDistance": 1.9,
      "prevTangentDistance": 1.9
    },
    {
      "width": 10.0,
      "x": 19.2820034,
      "y": -41.46299,
      "rotation": 86.55021,
      "ID": 3,
      "nextID": 4,
      "prevID": 2,
      "nextTangentDistance": 2.7,
      "prevTangentDistance": 2.7
    },
    {
      "width": 10.0,
      "x": 9.691003,
      "y": -40.7679977,
      "rotation": 85.4617,
      "ID": 4,
      "nextID": 5,
      "prevID": 3,
      "nextTangentDistance": 4.4,
      "prevTangentDistance": 4.4
    },
    {
      "width": 10.0,
      "x": -3.126997,
      "y": -38.8139877,
      "rotation": 76.7929153,
      "ID": 5,
      "nextID": 6,
      "prevID": 4,
      "nextTangentDistance": 3.96,
      "prevTangentDistance": 3.96
    },
    {
      "width": 10.0,
      "x": -16.4189968,
      "y": -34.3519974,
      "rotation": 59.9793968,
      "ID": 6,
      "nextID": 7,
      "prevID": 5,
      "nextTangentDistance": 4.34,
      "prevTangentDistance": 4.34
    },
    {
      "width": 10.0,
      "x": -27.0339985,
      "y": -27.071991,
      "rotation": 45.28377,
      "ID": 7,
      "nextID": 8,
      "prevID": 6,
      "nextTangentDistance": 1.89,
      "prevTangentDistance": 1.89
    },
    {
      "width": 10.0,
      "x": -33.374,
      "y": -18.147995,
      "rotation": 19.2283936,
      "ID": 8,
      "nextID": 9,
      "prevID": 7,
      "nextTangentDistance": 2.9,
      "prevTangentDistance": 2.9
    },
    {
      "width": 10.0,
      "x": -35.112,
      "y": -10.35099,
      "rotation": 0.0,
      "ID": 9,
      "nextID": 10,
      "prevID": 8,
      "nextTangentDistance": 2.45,
      "prevTangentDistance": 2.45
    },
    {
      "width": 10.0,
      "x": -35.560997,
      "y": 1.26399994,
      "rotation": 350.4624,
      "ID": 10,
      "nextID": 11,
      "prevID": 9,
      "nextTangentDistance": 3.94,
      "prevTangentDistance": 3.94
    },
    {
      "width": 10.0,
      "x": -32.8,
      "y": 12.1,
      "rotation": 337.94165,
      "ID": 11,
      "nextID": 12,
      "prevID": 10,
      "nextTangentDistance": 3.0,
      "prevTangentDistance": 3.0
    },
    {
      "width": 10.0,
      "x": -27.8609982,
      "y": 22.664,
      "rotation": 335.900116,
      "ID": 12,
      "nextID": 13,
      "prevID": 11,
      "nextTangentDistance": 5.9,
      "prevTangentDistance": 5.9
    },
    {
      "width": 10.0,
      "x": -20.6610012,
      "y": 35.164,
      "rotation": 334.025238,
      "ID": 13,
      "nextID": 14,
      "prevID": 12,
      "nextTangentDistance": 0.0,
      "prevTangentDistance": 0.0
    },
    {
      "width": 10.0,
      "x": -13.1999989,
      "y": 47.9,
      "rotation": 334.025238,
      "ID": 14,
      "nextID": 15,
      "prevID": 13,
      "nextTangentDistance": 3.0,
      "prevTangentDistance": 3.0
    },
    {
      "width": 10.0,
      "x": -8.799998,
      "y": 57.0000038,
      "rotation": 334.025238,
      "ID": 15,
      "nextID": 16,
      "prevID": 14,
      "nextTangentDistance": 3.0,
      "prevTangentDistance": 3.0
    },
    {
      "width": 10.0,
      "x": -3.59599686,
      "y": 66.39701,
      "rotation": 334.025238,
      "ID": 16,
      "nextID": 17,
      "prevID": 15,
      "nextTangentDistance": 10.0,
      "prevTangentDistance": 0.0
    },
    {
      "width": 10.0,
      "x": 10.2120028,
      "y": 69.497,
      "rotation": 244.025238,
      "ID": 17,
      "nextID": 18,
      "prevID": 16,
      "nextTangentDistance": 1.08,
      "prevTangentDistance": 1.08
    },
    {
      "width": 10.0,
      "x": 15.5198021,
      "y": 56.0170059,
      "rotation": 154.025314,
      "ID": 18,
      "nextID": 19,
      "prevID": 17,
      "nextTangentDistance": 0.0,
      "prevTangentDistance": 10.0
    },
    {
      "width": 10.0,
      "x": 11.4,
      "y": 47.5,
      "rotation": 154.025314,
      "ID": 19,
      "nextID": 20,
      "prevID": 18,
      "nextTangentDistance": 3.0,
      "prevTangentDistance": 3.0
    },
    {
      "width": 10.0,
      "x": 6.8,
      "y": 38.0,
      "rotation": 154.025314,
      "ID": 20,
      "nextID": 21,
      "prevID": 19,
      "nextTangentDistance": 3.0,
      "prevTangentDistance": 3.0
    },
    {
      "width": 10.0,
      "x": 0.819002151,
      "y": 22.477005,
      "rotation": 173.036987,
      "ID": 21,
      "nextID": 22,
      "prevID": 20,
      "nextTangentDistance": 10.33,
      "prevTangentDistance": 3.72
    },
    {
      "width": 10.0,
      "x": -0.261997223,
      "y": 0.593009949,
      "rotation": 184.875122,
      "ID": 22,
      "nextID": 23,
      "prevID": 21,
      "nextTangentDistance": 5.14,
      "prevTangentDistance": 5.14
    },
    {
      "width": 10.0,
      "x": 5.210003,
      "y": -9.162994,
      "rotation": 251.39061,
      "ID": 23,
      "nextID": 24,
      "prevID": 22,
      "nextTangentDistance": 3.14,
      "prevTangentDistance": 4.09
    },
    {
      "width": 10.0,
      "x": 18.5258026,
      "y": -12.6519928,
      "rotation": 258.661865,
      "ID": 24,
      "nextID": 25,
      "prevID": 23,
      "nextTangentDistance": 9.75,
      "prevTangentDistance": 9.75
    },
    {
      "width": 10.0,
      "x": 41.6340027,
      "y": -17.3019943,
      "rotation": 262.814056,
      "ID": 25,
      "nextID": 26,
      "prevID": 24,
      "nextTangentDistance": 6.64,
      "prevTangentDistance": 6.64
    },
    {
      "width": 10.0,
      "x": 59.529,
      "y": -18.8989944,
      "rotation": 271.8689,
      "ID": 26,
      "nextID": 27,
      "prevID": 25,
      "nextTangentDistance": 2.2,
      "prevTangentDistance": 2.2
    },
    {
      "width": 10.0,
      "x": 74.7,
      "y": -18.4,
      "rotation": 271.8689,
      "ID": 27,
      "nextID": 28,
      "prevID": 26,
      "nextTangentDistance": 3.0,
      "prevTangentDistance": 3.0
    },
    {
      "width": 10.0,
      "x": 91.045,
      "y": -17.3489914,
      "rotation": 274.379,
      "ID": 28,
      "nextID": 29,
      "prevID": 27,
      "nextTangentDistance": 6.2,
      "prevTangentDistance": 6.2
    },
    {
      "width": 10.0,
      "x": 105.23,
      "y": -13.4979935,
      "rotation": 303.595428,
      "ID": 29,
      "nextID": 30,
      "prevID": 28,
      "nextTangentDistance": 3.5,
      "prevTangentDistance": 3.5
    },
    {
      "width": 10.0,
      "x": 117.207,
      "y": -1.14499664,
      "rotation": 338.5407,
      "ID": 30,
      "nextID": 31,
      "prevID": 29,
      "nextTangentDistance": 7.25,
      "prevTangentDistance": 7.25
    },
    {
      "width": 10.0,
      "x": 125.426,
      "y": 14.2570038,
      "rotation": 321.915161,
      "ID": 31,
      "nextID": 32,
      "prevID": 30,
      "nextTangentDistance": 3.9,
      "prevTangentDistance": 3.9
    },
    {
      "width": 10.0,
      "x": 136.186,
      "y": 22.6670074,
      "rotation": 300.3948,
      "ID": 32,
      "nextID": 33,
      "prevID": 31,
      "nextTangentDistance": 2.67,
      "prevTangentDistance": 2.67
    },
    {
      "width": 10.0,
      "x": 151.356,
      "y": 27.4070053,
      "rotation": 267.70636,
      "ID": 33,
      "nextID": 34,
      "prevID": 32,
      "nextTangentDistance": 4.91,
      "prevTangentDistance": 4.91
    },
    {
      "width": 10.0,
      "x": 162.016,
      "y": 22.0070038,
      "rotation": 220.814011,
      "ID": 34,
      "nextID": 35,
      "prevID": 33,
      "nextTangentDistance": 3.1,
      "prevTangentDistance": 3.1
    },
    {
      "width": 10.0,
      "x": 166.616013,
      "y": 13.1370087,
      "rotation": 185.891235,
      "ID": 35,
      "nextID": 36,
      "prevID": 34,
      "nextTangentDistance": 4.15,
      "prevTangentDistance": 4.15
    },
    {
      "width": 10.0,
      "x": 166.42601,
      "y": 4.022011,
      "rotation": 170.5971,
      "ID": 36,
      "nextID": 37,
      "prevID": 35,
      "nextTangentDistance": 1.82,
      "prevTangentDistance": 1.82
    },
    {
      "width": 10.0,
      "x": 162.995987,
      "y": -6.54599,
      "rotation": 149.374512,
      "ID": 37,
      "nextID": 38,
      "prevID": 36,
      "nextTangentDistance": 3.11,
      "prevTangentDistance": 3.11
    },
    {
      "width": 10.0,
      "x": 156.706009,
      "y": -15.2359924,
      "rotation": 142.060471,
      "ID": 38,
      "nextID": 39,
      "prevID": 37,
      "nextTangentDistance": 5.06,
      "prevTangentDistance": 5.06
    },
    {
      "width": 10.0,
      "x": 148.866,
      "y": -23.87799,
      "rotation": 132.6527,
      "ID": 39,
      "nextID": 40,
      "prevID": 38,
      "nextTangentDistance": 5.0,
      "prevTangentDistance": 5.0
    },
    {
      "width": 10.0,
      "x": 138.996,
      "y": -30.8759918,
      "rotation": 120.313,
      "ID": 40,
      "nextID": 41,
      "prevID": 39,
      "nextTangentDistance": 5.7,
      "prevTangentDistance": 5.7
    },
    {
      "width": 10.0,
      "x": 127.866,
      "y": -36.5119934,
      "rotation": 112.698959,
      "ID": 41,
      "nextID": 42,
      "prevID": 40,
      "nextTangentDistance": 4.3,
      "prevTangentDistance": 4.3
    },
    {
      "width": 10.0,
      "x": 113.778,
      "y": -39.8469925,
      "rotation": 97.82594,
      "ID": 42,
      "nextID": 43,
      "prevID": 41,
      "nextTangentDistance": 7.0,
      "prevTangentDistance": 7.0
    },
    {
      "width": 10.0,
      "x": 98.701004,
      "y": -41.35,
      "rotation": 93.75631,
      "ID": 43,
      "nextID": 44,
      "prevID": 42,
      "nextTangentDistance": 4.5,
      "prevTangentDistance": 4.5
    },
    {
      "width": 10.0,
      "x": 81.745,
      "y": -42.4769974,
      "rotation": 90.93954,
      "ID": 44,
      "nextID": 45,
      "prevID": 43,
      "nextTangentDistance": 0.0,
      "prevTangentDistance": 4.5
    },
    {
      "width": 10.0,
      "x": 66.4340057,
      "y": -42.4769974,
      "rotation": 90.93954,
      "ID": 45,
      "nextID": 0,
      "prevID": 44,
      "nextTangentDistance": 0.0,
      "prevTangentDistance": 0.0
    }
  ]
}