{
  "meshes": [
    {
      "width": 10.0,
      "x": 107.0,
      "y": -50.0,
      "rotation": 90.0,
      "ID": 0,
      "nextID": 1,
      "prevID": 13,
      "nextTangentDistance": 5.9,
      "prevTangentDistance": 5.9
    },
    {
      "width": 10.0,
      "x": 101.0,
      "y": -50.0,
      "rotation": 90.0,
      "ID": 1,
      "nextID": 2,
      "prevID": 0,
      "nextTangentDistance": 0.0,
      "prevTangentDistance": 0.0
    },
    {
      "width": 8.0,
      "x": 96.0,
      "y": -50.0,
      "rotation": 90.0,
      "ID": 2,
      "nextID": 3,
      "prevID": 1,
      "nextTangentDistance": 0.0,
      "prevTangentDistance": 0.0
    },
    {
      "width": 6.0,
      "x": 91.0,
      "y": -50.0,
      "rotation": 90.0,
      "ID": 3,
      "nextID": 4,
      "prevID": 2,
      "nextTangentDistance": 0.0,
      "prevTangentDistance": 0.0
    },
    {
      "width": 4.0,
      "x": 86.0,
      "y": -50.0,
      "rotation": 90.0,
      "ID": 4,
      "nextID": 5,
      "prevID": 3,
      "nextTangentDistance": 0.0,
      "prevTangentDistance": 0.0
    },
    {
      "width": 6.0,
      "x": 81.0,
      "y": -50.0,
      "rotation": 90.0,
      "ID": 5,
      "nextID": 6,
      "prevID": 4,
      "nextTangentDistance": 3.0,
      "prevTangentDistance": 0.0
    },
    {
      "width": 6.0,
      "x": 71.0,
      "y": -50.0,
      "rotation": 90.0,
      "ID": 6,
      "nextID": 7,
      "prevID": 5,
      "nextTangentDistance": 3.0,
      "prevTangentDistance": 3.0
    },
    {
      "width": 6.0,
      "x": 66.0,
      "y": -45.0,
      "rotation": 1.70754731E-06,
      "ID": 7,
      "nextID": 8,
      "prevID": 6,
      "nextTangentDistance": 3.0,
      "prevTangentDistance": 3.0
    },
    {
      "width": 6.0,
      "x": 71.0,
      "y": -40.0,
      "rotation": 269.999939,
      "ID": 8,
      "nextID": 9,
      "prevID": 7,
      "nextTangentDistance": 3.0,
      "prevTangentDistance": 3.0
    },
    {
      "width": 8.0,
      "x": 76.0,
      "y": -35.0,
      "rotation": 0.0,
      "ID": 9,
      "nextID": 10,
      "prevID": 8,
      "nextTangentDistance": 3.0,
      "prevTangentDistance": 3.0
    },
    {
      "width": 8.0,
      "x": 81.0,
      "y": -30.0,
      "rotation": 270.0,
      "ID": 10,
      "nextID": 11,
      "prevID": 9,
      "nextTangentDistance": 3.0,
      "prevTangentDistance": 3.0
    },
    {
      "width": 8.0,
      "x": 92.51,
      "y": -30.0,
      "rotation": 270.0,
      "ID": 11,
      "nextID": 12,
      "prevID": 10,
      "nextTangentDistance": 3.0,
      "prevTangentDistance": 3.0
    },
    {
      "width": 10.0,
      "x": 107.0,
      "y": -30.0,
      "rotation": 270.0,
      "ID": 12,
      "nextID": 13,
      "prevID": 11,
      "nextTangentDistance": 3.0,
      "prevTangentDistance": 3.0
    },
    {
      "width": 10.0,
      "x": 114.15,
      "y": -40.51,
      "rotation": 180.0,
      "ID": 13,
      "nextID": 0,
      "prevID": 12,
      "nextTangentDistance": 8.4,
      "prevTangentDistance": 8.4
    }
  ]
}