{
    "BaseStats": {
        "Name": "Jetspray",
        "ManufacturerName": "Kar",
        "Type": 0,
        "Mass": 150.0,
        "MagnetStrength": 2.0,
        "MagnetDistance": 80.0,
        "TurningDecay": 110.0,
        "OverTurningDecayMultiplier": 1.0,
        "DragCoefficient": 0.25,
        "AngularDragCoefficient": 0.11999999731779099,
        "CollisionCooldownTime": 1.0,
        "WaterAffinity": 0.20000000298023225,
        "IsColorable": false,
        "DefaultColor": {
            "r": 1.0,
            "g": 1.0,
            "b": 1.0,
            "a": 0.0
        },
        "CarDecals": [
            {
                "Name": "",
                "FileName": "",
                "Hidden": false
            }
        ],
        "EquippedDecal": "",
        "CarRarity": 0,
        "MinRarity": 2,
        "CenterOffset": {
            "x": 0.0,
            "y": 0.0,
            "z": -0.07999999821186066
        }
    },
    "StockStats": {
        "Grip": 8.5,
        "BrakePower": 21.0,
        "TurningSpeed": 2.200000047683716,
        "TurningSpeedMax": 0.1899999976158142,
        "AirBrakePower": 0.6000000238418579,
        "AirRotationSpeed": 3.0,
        "RocketPower": 41.900001525878909,
        "DriftBoost": 14.0,
        "TopSpeed": 93.0,
        "ZeroPowerSpeed": 123.0
    },
    "MaxedStats": {
        "Grip": 0.0,
        "BrakePower": 0.0,
        "TurningSpeed": 0.0,
        "TurningSpeedMax": 0.0,
        "AirBrakePower": 0.0,
        "AirRotationSpeed": 0.0,
        "RocketPower": 0.0,
        "DriftBoost": 0.0,
        "TopSpeed": 0.0,
        "ZeroPowerSpeed": 0.0
    },
    "Upgrades": {
        "Upgradeable": false,
        "Upgrades": []
    },
    "Customizations": {
        "CustomizationParts": []
    },
    "CarColor": {
        "r": 1.0,
        "g": 1.0,
        "b": 1.0,
        "a": 1.0
    },
    "AllWheels": [
        {
            "WheelMeshName": "Main",
            "IsSteering": false,
            "MaxSteerAngle": 0.0,
            "WheelRadius": 0.25,
            "SteerLerpSpeed": 250.0,
            "WheelType": 2,
            "SuspensionStiffness": 90000.0,
            "SuspensionDamping": 12000.0,
            "SuspensionTravel": 0.3400000035762787,
            "SuspensionRestLength": 0.09000000357627869,
            "WheelThickness": 0.5,
            "WheelOffset": {
                "x": -0.44600000977516177,
                "y": -0.0860000029206276,
                "z": -0.46000000834465029
            }
        },
        {
            "WheelMeshName": "Main",
            "IsSteering": false,
            "MaxSteerAngle": 0.0,
            "WheelRadius": 0.25,
            "SteerLerpSpeed": 250.0,
            "WheelType": 2,
            "SuspensionStiffness": 90000.0,
            "SuspensionDamping": 12000.0,
            "SuspensionTravel": 0.3400000035762787,
            "SuspensionRestLength": 0.09000000357627869,
            "WheelThickness": 0.5,
            "WheelOffset": {
                "x": 0.44600000977516177,
                "y": -0.0860000029206276,
                "z": -0.4599999189376831
            }
        },
        {
            "WheelMeshName": "Main",
            "IsSteering": true,
            "MaxSteerAngle": 45.0,
            "WheelRadius": 0.25,
            "SteerLerpSpeed": 250.0,
            "WheelType": 0,
            "SuspensionStiffness": 90000.0,
            "SuspensionDamping": 12000.0,
            "SuspensionTravel": 0.3700000047683716,
            "SuspensionRestLength": 0.07999999821186066,
            "WheelThickness": 0.5,
            "WheelOffset": {
                "x": -0.44600000977516177,
                "y": -0.0860000029206276,
                "z": 0.21899999678134919
            }
        },
        {
            "WheelMeshName": "Main",
            "IsSteering": true,
            "MaxSteerAngle": 45.0,
            "WheelRadius": 0.25,
            "SteerLerpSpeed": 250.0,
            "WheelType": 0,
            "SuspensionStiffness": 90000.0,
            "SuspensionDamping": 12000.0,
            "SuspensionTravel": 0.3700000047683716,
            "SuspensionRestLength": 0.07999999821186066,
            "WheelThickness": 0.5,
            "WheelOffset": {
                "x": 0.44600000977516177,
                "y": -0.0860000029206276,
                "z": 0.21899999678134919
            }
        }
    ],
    "AllRockets": [],
    "AllLights": [],
    "AllDecals": []
}