{
    "BaseStats": {
        "Name": "Sidewinder",
        "ManufacturerName": "Rocketeer",
        "Type": 0,
        "Mass": 1500.0,
        "MagnetStrength": 1.2000000476837159,
        "MagnetDistance": 100.0,
        "TurningDecay": 20.0,
        "OverTurningDecayMultiplier": 1.0,
        "DragCoefficient": 0.0949999988079071,
        "AngularDragCoefficient": 0.7200000286102295,
        "CollisionCooldownTime": 0.10000000149011612,
        "WaterAffinity": 0.3499999940395355,
        "IsColorable": true,
        "DefaultColor": {
            "r": 0.5934051275253296,
            "g": 0.9905660152435303,
            "b": 0.9152942299842835,
            "a": 0.0
        },
        "CarDecals": [
            {
                "Name": "",
                "FileName": "",
                "Hidden": false
            }
        ],
        "EquippedDecal": "",
        "CarRarity": 0,
        "MinRarity": 0,
        "CenterOffset": {
            "x": 0.0,
            "y": 0.0,
            "z": 0.0
        }
    },
    "StockStats": {
        "Grip": 2.5,
        "BrakePower": 30.0,
        "TurningSpeed": 3.5,
        "TurningSpeedMax": 0.5,
        "AirBrakePower": 0.75,
        "AirRotationSpeed": 4.0,
        "RocketPower": 25.0,
        "DriftBoost": 0.0,
        "TopSpeed": 65.0,
        "ZeroPowerSpeed": 75.0
    },
    "MaxedStats": {
        "Grip": 0.0,
        "BrakePower": 0.0,
        "TurningSpeed": 0.0,
        "TurningSpeedMax": 0.0,
        "AirBrakePower": 0.0,
        "AirRotationSpeed": 0.0,
        "RocketPower": 0.0,
        "DriftBoost": 0.0,
        "TopSpeed": 0.0,
        "ZeroPowerSpeed": 0.0
    },
    "Upgrades": {
        "Upgradeable": false,
        "Upgrades": []
    },
    "Customizations": {
        "CustomizationParts": [
            {
                "Name":"Karmino Hood",
                "Type":0,
                "Equipped":false,
                "Purchased":false,
                "MinRarity":5,
                "Hidden":true,

                "CustomizationFileName":"RR_Sidewinder_KarminoHood1"
              },
              {
                "Name":"Karmino Intake",
                "Type":1,
                "Equipped":false,
                "Purchased":false,
                "MinRarity":5,
                "Hidden":true,

                "CustomizationFileName":"RR_Sidewinder_KarminoRoof1"
              },
              {
                "Name":"Karmino Tailgate",
                "Type":4,
                "Equipped":false,
                "Purchased":false,
                "MinRarity":5,
                "Hidden":true,

                "CustomizationFileName":"RR_Sidewinder_KarminoRBumper1"
              },
              {
                "Name":"Karmino Wing",
                "Type":5,
                "Equipped":false,
                "Purchased":false,
                "MinRarity":5,
                "Hidden":true,

                "CustomizationFileName":"RR_Sidewinder_KarminoSpoiler1"
              }
        ]
    },
    "CarColor": {
        "r": 0.4431372284889221,
        "g": 0.729411780834198,
        "b": 0.5098038911819458,
        "a": 1.0
    },
    "AllWheels": [
        {
            "WheelMeshName": "Main",
            "IsSteering": false,
            "MaxSteerAngle": 0.0,
            "WheelRadius": 0.25,
            "SteerLerpSpeed": 250.0,
            "WheelType": 2,
            "SuspensionStiffness": 90000.0,
            "SuspensionDamping": 3500.0,
            "SuspensionTravel": 0.1599999964237213,
            "SuspensionRestLength": 0.07000000029802323,
            "WheelThickness": 0.4019182324409485,
            "WheelOffset": {
                "x": -0.46700000762939455,
                "y": 0.05299997329711914,
                "z": -1.0230001211166382
            }
        },
        {
            "WheelMeshName": "Main",
            "IsSteering": false,
            "MaxSteerAngle": 0.0,
            "WheelRadius": 0.25,
            "SteerLerpSpeed": 250.0,
            "WheelType": 2,
            "SuspensionStiffness": 90000.0,
            "SuspensionDamping": 3500.0,
            "SuspensionTravel": 0.1599999964237213,
            "SuspensionRestLength": 0.07000000029802323,
            "WheelThickness": 0.4019182324409485,
            "WheelOffset": {
                "x": 0.46700000762939455,
                "y": 0.05299999937415123,
                "z": -1.0230000019073487
            }
        },
        {
            "WheelMeshName": "Main",
            "IsSteering": true,
            "MaxSteerAngle": 60.0,
            "WheelRadius": 0.20095910131931306,
            "SteerLerpSpeed": 250.0,
            "WheelType": 0,
            "SuspensionStiffness": 90000.0,
            "SuspensionDamping": 3500.0,
            "SuspensionTravel": 0.1599999964237213,
            "SuspensionRestLength": 0.12999999523162843,
            "WheelThickness": 0.4019182324409485,
            "WheelOffset": {
                "x": -0.46700000762939455,
                "y": 0.05299997329711914,
                "z": 0.8410005569458008
            }
        },
        {
            "WheelMeshName": "Main",
            "IsSteering": true,
            "MaxSteerAngle": 60.0,
            "WheelRadius": 0.20095910131931306,
            "SteerLerpSpeed": 250.0,
            "WheelType": 0,
            "SuspensionStiffness": 90000.0,
            "SuspensionDamping": 3500.0,
            "SuspensionTravel": 0.1599999964237213,
            "SuspensionRestLength": 0.12999999523162843,
            "WheelThickness": 0.4019182324409485,
            "WheelOffset": {
                "x": 0.46700000762939455,
                "y": 0.05299997329711914,
                "z": 0.8410000205039978
            }
        }
    ],
    "AllRockets": [
        {
            "FireNormalColor": {
                "r": 1.0,
                "g": 0.6222895383834839,
                "b": 0.12735849618911744,
                "a": 0.501960813999176
            },
            "FireBoostedColor": {
                "r": 1.0,
                "g": 0.6222895383834839,
                "b": 1.0,
                "a": 0.501960813999176
            },
            "DarkFireNormalColor": {
                "r": 1.0,
                "g": 0.23511335253715516,
                "b": 0.0,
                "a": 0.501960813999176
            },
            "DarkFireBoostedColor": {
                "r": 1.0,
                "g": 0.23511335253715516,
                "b": 1.0,
                "a": 0.501960813999176
            },
            "BoostedThreshold": 25.0,
            "BoostLimit": 25.0,
            "RocketOffset": {
                "x": 0.0,
                "y": 0.3959999978542328,
                "z": -1.9709999561309815
            },
            "RocketScale": {
                "x": 0.26384297013282778,
                "y": 0.26384297013282778,
                "z": 0.26384297013282778
            },
            "RocketRotation": {
                "x": 270.0,
                "y": 0.0,
                "z": 0.0
            }
        }
    ],
    "AllLights": [
        {
            "LightIndex": "headlight",
            "LightType": "spot",
            "LightAngle": 117.0999984741211,
            "LightRange": 0.0,
            "LightPower": 500.0,
            "LightColor": {
                "r": 1.0,
                "g": 1.0,
                "b": 1.0,
                "a": 0.0
            },
            "LightOffset": {
                "x": -0.41499999165534975,
                "y": 0.2800000011920929,
                "z": 1.2790000438690186
            },
            "LightRotation": {
                "x": 0.0,
                "y": 0.0,
                "z": 0.0
            }
        },
        {
            "LightIndex": "headlight",
            "LightType": "spot",
            "LightAngle": 117.0999984741211,
            "LightRange": 0.0,
            "LightPower": 500.0,
            "LightColor": {
                "r": 1.0,
                "g": 1.0,
                "b": 1.0,
                "a": 0.0
            },
            "LightOffset": {
                "x": 0.41499999165534975,
                "y": 0.2800000011920929,
                "z": 1.2790000438690186
            },
            "LightRotation": {
                "x": 0.0,
                "y": 0.0,
                "z": 0.0
            }
        },
        {
            "LightIndex": "taillight",
            "LightType": "spot",
            "LightAngle": 117.0999984741211,
            "LightRange": 0.0,
            "LightPower": 200.0,
            "LightColor": {
                "r": 1.0,
                "g": 0.0,
                "b": 0.0,
                "a": 0.0
            },
            "LightOffset": {
                "x": -0.5059999823570252,
                "y": 0.2800000011920929,
                "z": -1.7100000381469727
            },
            "LightRotation": {
                "x": 0.0,
                "y": 180.0,
                "z": 0.0
            }
        },
        {
            "LightIndex": "taillight",
            "LightType": "spot",
            "LightAngle": 117.0999984741211,
            "LightRange": 0.0,
            "LightPower": 200.0,
            "LightColor": {
                "r": 1.0,
                "g": 0.0,
                "b": 0.0,
                "a": 0.0
            },
            "LightOffset": {
                "x": 0.5059999823570252,
                "y": 0.2800000011920929,
                "z": -1.7100000381469727
            },
            "LightRotation": {
                "x": 0.0,
                "y": 180.0,
                "z": 0.0
            }
        }
    ],
    "AllDecals": []
}