{
    "BaseStats": {
        "Name": "LSR1020",
        "ManufacturerName": "Vigilante",
        "Type": 2,
        "Mass": 24000.0,
        "MagnetStrength": 3.0,
        "MagnetDistance": 240.0,
        "TurningDecay": 300.0,
        "OverTurningDecayMultiplier": 5.0,
        "DragCoefficient": 0.03999999910593033,
        "AngularDragCoefficient": 0.25,
        "CollisionCooldownTime": 1.5,
        "IsColorable": true,
        "DefaultColor": {
            "r": 0.0,
            "g": 0.5659983158111572,
            "b": 0.8773584961891174,
            "a": 1.0
        },
        "CarRarity": 0,
        "MinRarity": 0,
        "CenterOffset": {
            "x": 0.0,
            "y": 0.5400000214576721,
            "z": -0.5
        }
    },
    "StockStats": {
        "Grip": 10.0,
        "BrakePower": 10.0,
        "TurningSpeed": 0.05000000074505806,
        "TurningSpeedMax": 0.05999999865889549,
        "AirBrakePower": 0.30000001192092898,
        "AirRotationSpeed": 2.0,
        "RocketPower": 40.0,
        "DriftBoost": -20.0,
        "TopSpeed": 500.0,
        "ZeroPowerSpeed": 510.0
    },
    "MaxedStats": {
        "Grip": 0.0,
        "BrakePower": 0.0,
        "TurningSpeed": 0.0,
        "TurningSpeedMax": 0.0,
        "AirBrakePower": 0.0,
        "AirRotationSpeed": 0.0,
        "RocketPower": 0.0,
        "DriftBoost": 0.0,
        "TopSpeed": 0.0,
        "ZeroPowerSpeed": 0.0
    },
    "Upgrades": {
        "Upgradeable": true,
        "Upgrades": [
            {
                "UpgradeName": "Rudder",
                "UpgradeStats": [
                    "TurningSpeed"
                ],
                "UpgradeWeights": [
                    1.0
                ],
                "Equipped": false,
                "Bought": false,
                "MinimumRarity": 0
            },
            {
                "UpgradeName": "Side Intakes",
                "UpgradeStats": [
                    "DriftBoost"
                ],
                "UpgradeWeights": [
                    3.0
                ],
                "Equipped": false,
                "Bought": false,
                "MinimumRarity": 0
            },
            {
                "UpgradeName": "Aero Package",
                "UpgradeStats": [
                    "AirRotationSpeed",
                    "AirBrakePower"
                ],
                "UpgradeWeights": [
                    1.0,
                    0.4000000059604645
                ],
                "Equipped": false,
                "Bought": false,
                "MinimumRarity": 0
            },
            {
                "UpgradeName": "Aftermarket Rockets",
                "UpgradeStats": [
                    "RocketPower"
                ],
                "UpgradeWeights": [
                    14.0
                ],
                "Equipped": false,
                "Bought": false,
                "MinimumRarity": 0
            },
            {
                "UpgradeName": "Upgraded Intakes",
                "UpgradeStats": [
                    "TopSpeed",
                    "ZeroPowerSpeed"
                ],
                "UpgradeWeights": [
                    10.0,
                    25.0
                ],
                "Equipped": false,
                "Bought": false,
                "MinimumRarity": 0
            },
            {
                "UpgradeName": "Race Tires",
                "UpgradeStats": [
                    "Grip"
                ],
                "UpgradeWeights": [
                    1.0
                ],
                "Equipped": false,
                "Bought": false,
                "MinimumRarity": 0
            },
            {
                "UpgradeName": "Ultimate Package(Debug)",
                "UpgradeStats": [
                    "Grip",
                    "BrakePower",
                    "AirBrakePower",
                    "AirRotationSpeed",
                    "TurningSpeed",
                    "TurningSpeedMax",
                    "RocketPower",
                    "DriftBoost",
                    "TopSpeed",
                    "ZeroPowerSpeed"
                ],
                "UpgradeWeights": [
                    10.0,
                    20.0,
                    2.0,
                    10.0,
                    -0.10000000149011612,
                    0.20000000298023225,
                    30.0,
                    30.0,
                    40.0,
                    40.0
                ],
                "Equipped": false,
                "Bought": false,
                "MinimumRarity": 0
            }
        ]
    },
    "CarColor": {
        "r": 1.0,
        "g": 0.0,
        "b": 1.0,
        "a": 1.0
    },
    "AllWheels": [
        {
            "WheelMeshName": "Normal",
            "IsSteering": false,
            "MaxSteerAngle": 0.0,
            "WheelRadius": 0.25,
            "SteerLerpSpeed": 0.0,
            "WheelType": 2,
            "SuspensionStiffness": 810000.0,
            "SuspensionDamping": 108000.0,
            "SuspensionTravel": 0.28999999165534975,
            "SuspensionRestLength": 0.05900000035762787,
            "WheelThickness": 0.15000000596046449,
            "WheelOffset": {
                "x": -0.11800000071525574,
                "y": 0.1850000023841858,
                "z": -1.7050000429153443
            }
        },
        {
            "WheelMeshName": "Normal",
            "IsSteering": false,
            "MaxSteerAngle": 0.0,
            "WheelRadius": 0.25,
            "SteerLerpSpeed": 0.0,
            "WheelType": 2,
            "SuspensionStiffness": 810000.0,
            "SuspensionDamping": 108000.0,
            "SuspensionTravel": 0.28999999165534975,
            "SuspensionRestLength": 0.05900000035762787,
            "WheelThickness": 0.15000000596046449,
            "WheelOffset": {
                "x": 0.11800000071525574,
                "y": 0.1850000023841858,
                "z": -1.7050000429153443
            }
        },
        {
            "WheelMeshName": "Halo",
            "IsSteering": true,
            "MaxSteerAngle": 45.0,
            "WheelRadius": 0.25,
            "SteerLerpSpeed": 250.0,
            "WheelType": 0,
            "SuspensionStiffness": 810000.0,
            "SuspensionDamping": 108000.0,
            "SuspensionTravel": 0.28999999165534975,
            "SuspensionRestLength": 0.05900000035762787,
            "WheelThickness": 0.15000000596046449,
            "WheelOffset": {
                "x": -0.6919999718666077,
                "y": 0.1850000023841858,
                "z": 0.05000000074505806
            }
        },
        {
            "WheelMeshName": "Halo",
            "IsSteering": true,
            "MaxSteerAngle": 45.0,
            "WheelRadius": 0.25,
            "SteerLerpSpeed": 250.0,
            "WheelType": 0,
            "SuspensionStiffness": 810000.0,
            "SuspensionDamping": 108000.0,
            "SuspensionTravel": 0.28999999165534975,
            "SuspensionRestLength": 0.05900000035762787,
            "WheelThickness": 0.15000000596046449,
            "WheelOffset": {
                "x": 0.6919999718666077,
                "y": 0.1850000023841858,
                "z": 0.05000000074505806
            }
        },
        {
            "WheelMeshName": "Halo",
            "IsSteering": true,
            "MaxSteerAngle": 45.0,
            "WheelRadius": 0.25,
            "SteerLerpSpeed": 250.0,
            "WheelType": 0,
            "SuspensionStiffness": 810000.0,
            "SuspensionDamping": 108000.0,
            "SuspensionTravel": 0.28999999165534975,
            "SuspensionRestLength": 0.05900000035762787,
            "WheelThickness": 0.15000000596046449,
            "WheelOffset": {
                "x": 0.0,
                "y": 0.1850000023841858,
                "z": 0.6589999794960022
            }
        }
    ],
    "AllRockets": [
        {
            "FireNormalColor": {
                "r": 1.0,
                "g": 0.6222895383834839,
                "b": 0.12735849618911744,
                "a": 0.501960813999176
            },
            "FireBoostedColor": {
                "r": 1.0,
                "g": 0.6222895383834839,
                "b": 1.0,
                "a": 0.501960813999176
            },
            "DarkFireNormalColor": {
                "r": 1.0,
                "g": 0.23511335253715516,
                "b": 0.0,
                "a": 0.501960813999176
            },
            "DarkFireBoostedColor": {
                "r": 1.0,
                "g": 0.23511335253715516,
                "b": 1.0,
                "a": 0.501960813999176
            },
            "BoostedThreshold": 18.0,
            "BoostLimit": 28.0,
            "RocketOffset": {
                "x": -0.6819999814033508,
                "y": 0.4059999883174896,
                "z": -2.9839999675750734
            },
            "RocketScale": {
                "x": 0.863406777381897,
                "y": 0.863406777381897,
                "z": 0.863406777381897
            },
            "RocketRotation": {
                "x": 90.0,
                "y": 180.0,
                "z": 0.0
            }
        },
        {
            "FireNormalColor": {
                "r": 1.0,
                "g": 0.6222895383834839,
                "b": 0.12735849618911744,
                "a": 0.501960813999176
            },
            "FireBoostedColor": {
                "r": 1.0,
                "g": 0.6222895383834839,
                "b": 1.0,
                "a": 0.501960813999176
            },
            "DarkFireNormalColor": {
                "r": 1.0,
                "g": 0.23511335253715516,
                "b": 0.0,
                "a": 0.501960813999176
            },
            "DarkFireBoostedColor": {
                "r": 1.0,
                "g": 0.23511335253715516,
                "b": 1.0,
                "a": 0.501960813999176
            },
            "BoostedThreshold": 18.0,
            "BoostLimit": 28.0,
            "RocketOffset": {
                "x": 0.681999921798706,
                "y": 0.406000018119812,
                "z": -2.9840002059936525
            },
            "RocketScale": {
                "x": 0.863406777381897,
                "y": 0.863406777381897,
                "z": 0.863406777381897
            },
            "RocketRotation": {
                "x": 90.0,
                "y": 180.0,
                "z": 0.0
            }
        }
    ],
    "AllLights": [
        {
            "LightIndex": "headlight",
            "LightType": "spot",
            "LightAngle": 72.30000305175781,
            "LightRange": 0.0,
            "LightPower": 10.0,
            "LightColor": {
                "r": 0.5944290161132813,
                "g": 1.0,
                "b": 0.5896226167678833,
                "a": 1.0
            },
            "LightOffset": {
                "x": 0.5350000262260437,
                "y": 0.004000000189989805,
                "z": 1.350000023841858
            },
            "LightRotation": {
                "x": 14.99997329711914,
                "y": 0.0,
                "z": 0.0
            }
        },
        {
            "LightIndex": "headlight",
            "LightType": "spot",
            "LightAngle": 72.30000305175781,
            "LightRange": 0.0,
            "LightPower": 10.0,
            "LightColor": {
                "r": 0.5944290161132813,
                "g": 1.0,
                "b": 0.5896226167678833,
                "a": 1.0
            },
            "LightOffset": {
                "x": -0.5350000262260437,
                "y": 0.004000000189989805,
                "z": 1.350000023841858
            },
            "LightRotation": {
                "x": 14.99997329711914,
                "y": 0.0,
                "z": 0.0
            }
        }
    ]
}