{
    "BaseStats": {
        "Name": "Vigilante",
        "ManufacturerName": "Kar",
        "Type": 0,
        "Mass": 950.0,
        "MagnetStrength": 1.5,
        "MagnetDistance": 80.0,
        "TurningDecay": 2.0,
        "OverTurningDecayMultiplier": 2.0,
        "DragCoefficient": 0.10000000149011612,
        "AngularDragCoefficient": 0.4000000059604645,
        "CollisionCooldownTime": 0.5,
        "WaterAffinity": 0.20000000298023225,
        "IsColorable": false,
        "DefaultColor": {
            "r": 1.0,
            "g": 1.0,
            "b": 1.0,
            "a": 0.0
        },
        "CarDecals": [
            {
                "Name": "",
                "FileName": "",
                "Hidden": false
            }
        ],
        "EquippedDecal": "",
        "CarRarity": 0,
        "MinRarity": 2,
        "CenterOffset": {
            "x": 0.0,
            "y": 0.0,
            "z": -0.10000000149011612
        }
    },
    "StockStats": {
        "Grip": 5.0,
        "BrakePower": 30.0,
        "TurningSpeed": 5.0,
        "TurningSpeedMax": 0.4000000059604645,
        "AirBrakePower": 0.800000011920929,
        "AirRotationSpeed": 2.0,
        "RocketPower": 20.0,
        "DriftBoost": 60.0,
        "TopSpeed": 100.0,
        "ZeroPowerSpeed": 125.0
    },
    "MaxedStats": {
        "Grip": 0.0,
        "BrakePower": 0.0,
        "TurningSpeed": 0.0,
        "TurningSpeedMax": 0.0,
        "AirBrakePower": 0.0,
        "AirRotationSpeed": 0.0,
        "RocketPower": 0.0,
        "DriftBoost": 0.0,
        "TopSpeed": 0.0,
        "ZeroPowerSpeed": 0.0
    },
    "Upgrades": {
        "Upgradeable": false,
        "Upgrades": []
    },
    "Customizations": {
        "CustomizationParts": []
    },
    "CarColor": {
        "r": 1.0,
        "g": 1.0,
        "b": 1.0,
        "a": 1.0
    },
    "AllWheels": [
        {
            "WheelMeshName": "Main",
            "IsSteering": false,
            "MaxSteerAngle": 3.0,
            "WheelRadius": 0.338031142950058,
            "SteerLerpSpeed": 250.0,
            "WheelType": 2,
            "SuspensionStiffness": 900000.0,
            "SuspensionDamping": 120000.0,
            "SuspensionTravel": 0.3400000035762787,
            "SuspensionRestLength": 0.09000000357627869,
            "WheelThickness": 0.7419083118438721,
            "WheelOffset": {
                "x": -0.4790000021457672,
                "y": 0.11999999731779099,
                "z": -1.305999994277954
            }
        },
        {
            "WheelMeshName": "Main",
            "IsSteering": false,
            "MaxSteerAngle": 3.0,
            "WheelRadius": 0.338031142950058,
            "SteerLerpSpeed": 250.0,
            "WheelType": 2,
            "SuspensionStiffness": 900000.0,
            "SuspensionDamping": 120000.0,
            "SuspensionTravel": 0.3400000035762787,
            "SuspensionRestLength": 0.09000000357627869,
            "WheelThickness": 0.7419083118438721,
            "WheelOffset": {
                "x": 0.4790000915527344,
                "y": 0.12000000476837158,
                "z": -1.3060001134872437
            }
        },
        {
            "WheelMeshName": "Main",
            "IsSteering": true,
            "MaxSteerAngle": 45.0,
            "WheelRadius": 0.25,
            "SteerLerpSpeed": 250.0,
            "WheelType": 0,
            "SuspensionStiffness": 900000.0,
            "SuspensionDamping": 120000.0,
            "SuspensionTravel": 0.3700000047683716,
            "SuspensionRestLength": 0.07999999821186066,
            "WheelThickness": 0.47291427850723269,
            "WheelOffset": {
                "x": -0.5090000033378601,
                "y": 0.03200000524520874,
                "z": 0.45899999141693118
            }
        },
        {
            "WheelMeshName": "Main",
            "IsSteering": true,
            "MaxSteerAngle": 45.0,
            "WheelRadius": 0.25,
            "SteerLerpSpeed": 250.0,
            "WheelType": 0,
            "SuspensionStiffness": 900000.0,
            "SuspensionDamping": 120000.0,
            "SuspensionTravel": 0.3700000047683716,
            "SuspensionRestLength": 0.07999999821186066,
            "WheelThickness": 0.47291427850723269,
            "WheelOffset": {
                "x": 0.5090000033378601,
                "y": 0.03200000524520874,
                "z": 0.45899999141693118
            }
        }
    ],
    "AllRockets": [],
    "AllLights": [],
    "AllDecals": []
}