{
    "BaseStats": {
        "Name": "Patty Wagon",
        "ManufacturerName": "Kar",
        "Type": 0,
        "Mass": 200.0,
        "MagnetStrength": 2.0,
        "MagnetDistance": 80.0,
        "TurningDecay": 120.0,
        "OverTurningDecayMultiplier": 1.0,
        "DragCoefficient": 0.20000000298023225,
        "AngularDragCoefficient": 0.10000000149011612,
        "CollisionCooldownTime": 1.0,
        "WaterAffinity": 0.0,
        "IsColorable": false,
        "DefaultColor": {
            "r": 1.0,
            "g": 1.0,
            "b": 1.0,
            "a": 1.0
        },
        "CarDecals": [
            {
                "Name": "",
                "FileName": "",
                "Hidden": false
            }
        ],
        "EquippedDecal": "",
        "CarRarity": 0,
        "MinRarity": 0,
        "CenterOffset": {
            "x": 0.0,
            "y": 0.0,
            "z": 0.02
        }
    },
    "StockStats": {
        "Grip": 15.0,
        "BrakePower": 20.0,
        "TurningSpeed": 3.0,
        "TurningSpeedMax": 0.30000001192092898,
        "AirBrakePower": 0.6000000238418579,
        "AirRotationSpeed": 4.0,
        "RocketPower": 40.0,
        "DriftBoost": 15.0,
        "TopSpeed": 90.0,
        "ZeroPowerSpeed": 125.0
    },
    "MaxedStats": {
        "Grip": 0.0,
        "BrakePower": 0.0,
        "TurningSpeed": 0.0,
        "TurningSpeedMax": 0.0,
        "AirBrakePower": 0.0,
        "AirRotationSpeed": 0.0,
        "RocketPower": 0.0,
        "DriftBoost": 0.0,
        "TopSpeed": 0.0,
        "ZeroPowerSpeed": 0.0
    },
    "Upgrades": {
        "Upgradeable": true,
        "Upgrades": [
            {
                "UpgradeName": "Rudder",
                "UpgradeStats": [
                    "TurningSpeed"
                ],
                "UpgradeWeights": [
                    1.0
                ],
                "Equipped": false,
                "Bought": false,
                "MinimumRarity": 0
            },
            {
                "UpgradeName": "Side Intakes",
                "UpgradeStats": [
                    "DriftBoost"
                ],
                "UpgradeWeights": [
                    3.0
                ],
                "Equipped": false,
                "Bought": false,
                "MinimumRarity": 0
            },
            {
                "UpgradeName": "Aero Package",
                "UpgradeStats": [
                    "AirRotationSpeed",
                    "AirBrakePower"
                ],
                "UpgradeWeights": [
                    1.0,
                    0.4000000059604645
                ],
                "Equipped": false,
                "Bought": false,
                "MinimumRarity": 0
            },
            {
                "UpgradeName": "Aftermarket Rockets",
                "UpgradeStats": [
                    "RocketPower"
                ],
                "UpgradeWeights": [
                    14.0
                ],
                "Equipped": false,
                "Bought": false,
                "MinimumRarity": 0
            },
            {
                "UpgradeName": "Upgraded Intakes",
                "UpgradeStats": [
                    "TopSpeed",
                    "ZeroPowerSpeed"
                ],
                "UpgradeWeights": [
                    10.0,
                    25.0
                ],
                "Equipped": false,
                "Bought": false,
                "MinimumRarity": 0
            },
            {
                "UpgradeName": "Race Tires",
                "UpgradeStats": [
                    "Grip"
                ],
                "UpgradeWeights": [
                    1.0
                ],
                "Equipped": false,
                "Bought": false,
                "MinimumRarity": 0
            },
            {
                "UpgradeName": "AeroFin",
                "UpgradeStats": [
                    "TurningSpeed"
                ],
                "UpgradeWeights": [
                    2.0
                ],
                "Equipped": false,
                "Bought": false,
                "MinimumRarity": 3
            },
            {
                "UpgradeName": "Sideways Aero Intakes",
                "UpgradeStats": [
                    "DriftBoost"
                ],
                "UpgradeWeights": [
                    6.0
                ],
                "Equipped": false,
                "Bought": false,
                "MinimumRarity": 3
            },
            {
                "UpgradeName": "Stunt Package",
                "UpgradeStats": [
                    "AirRotationSpeed",
                    "AirBrakePower"
                ],
                "UpgradeWeights": [
                    2.0,
                    0.4000000059604645
                ],
                "Equipped": false,
                "Bought": false,
                "MinimumRarity": 5
            },
            {
                "UpgradeName": "Afterburners",
                "UpgradeStats": [
                    "RocketPower"
                ],
                "UpgradeWeights": [
                    14.0
                ],
                "Equipped": false,
                "Bought": false,
                "MinimumRarity": 2
            },
            {
                "UpgradeName": "Streamlined Aero",
                "UpgradeStats": [
                    "TopSpeed",
                    "ZeroPowerSpeed"
                ],
                "UpgradeWeights": [
                    10.0,
                    25.0
                ],
                "Equipped": false,
                "Bought": false,
                "MinimumRarity": 4
            },
            {
                "UpgradeName": "Racing Slicks",
                "UpgradeStats": [
                    "Grip"
                ],
                "UpgradeWeights": [
                    4.0
                ],
                "Equipped": false,
                "Bought": false,
                "MinimumRarity": 5
            },
            {
                "UpgradeName": "Ultimate Package(Debug)",
                "UpgradeStats": [
                    "Grip",
                    "BrakePower",
                    "AirBrakePower",
                    "AirRotationSpeed",
                    "TurningSpeed",
                    "TurningSpeedMax",
                    "RocketPower",
                    "DriftBoost",
                    "TopSpeed",
                    "ZeroPowerSpeed"
                ],
                "UpgradeWeights": [
                    10.0,
                    20.0,
                    2.0,
                    10.0,
                    -0.10000000149011612,
                    0.20000000298023225,
                    30.0,
                    30.0,
                    40.0,
                    40.0
                ],
                "Equipped": false,
                "Bought": false,
                "MinimumRarity": 3
            }
        ]
    },
    "Customizations": {
        "CustomizationParts": []
    },
    "CarColor": {
        "r": 1.0,
        "g": 0.0,
        "b": 1.0,
        "a": 1.0
    },
    "AllWheels": [
        {
            "WheelMeshName": "",
            "IsSteering": false,
            "MaxSteerAngle": 0.0,
            "WheelRadius": 0.18000000715255738,
            "SteerLerpSpeed": 0.0,
            "WheelType": 2,
            "SuspensionStiffness": 90000.0,
            "SuspensionDamping": 12000.0,
            "SuspensionTravel": 0.20000000298023225,
            "SuspensionRestLength": 0.07999999821186066,
            "WheelThickness": 0.4000000059604645,
            "WheelOffset": {
                "x": -0.5899999737739563,
                "y": -0.10199999809265137,
                "z": -0.29899999499320986
            }
        },
        {
            "WheelMeshName": "",
            "IsSteering": false,
            "MaxSteerAngle": 0.0,
            "WheelRadius": 0.18000000715255738,
            "SteerLerpSpeed": 0.0,
            "WheelType": 2,
            "SuspensionStiffness": 90000.0,
            "SuspensionDamping": 12000.0,
            "SuspensionTravel": 0.20000000298023225,
            "SuspensionRestLength": 0.07999999821186066,
            "WheelThickness": 0.4000000059604645,
            "WheelOffset": {
                "x": 0.5899999737739563,
                "y": -0.10199999809265137,
                "z": -0.29899999499320986
            }
        },
        {
            "WheelMeshName": "",
            "IsSteering": true,
            "MaxSteerAngle": 45.0,
            "WheelRadius": 0.18000000715255738,
            "SteerLerpSpeed": 250.0,
            "WheelType": 0,
            "SuspensionStiffness": 90000.0,
            "SuspensionDamping": 12000.0,
            "SuspensionTravel": 0.20000000298023225,
            "SuspensionRestLength": 0.07999999821186066,
            "WheelThickness": 0.4000000059604645,
            "WheelOffset": {
                "x": -0.5799999833106995,
                "y": -0.10199999809265137,
                "z": 0.31200000643730166
            }
        },
        {
            "WheelMeshName": "",
            "IsSteering": true,
            "MaxSteerAngle": 45.0,
            "WheelRadius": 0.18000000715255738,
            "SteerLerpSpeed": 250.0,
            "WheelType": 0,
            "SuspensionStiffness": 90000.0,
            "SuspensionDamping": 12000.0,
            "SuspensionTravel": 0.20000000298023225,
            "SuspensionRestLength": 0.07999999821186066,
            "WheelThickness": 0.4000000059604645,
            "WheelOffset": {
                "x": 0.5799999833106995,
                "y": -0.10199999809265137,
                "z": 0.31200000643730166
            }
        }
    ],
    "AllRockets": [
        {
            "FireNormalColor": {
                "r": 1.0,
                "g": 0.6222895383834839,
                "b": 0.12735849618911744,
                "a": 0.501960813999176
            },
            "FireBoostedColor": {
                "r": 1.0,
                "g": 0.6222895383834839,
                "b": 1.0,
                "a": 0.501960813999176
            },
            "DarkFireNormalColor": {
                "r": 1.0,
                "g": 0.23511335253715516,
                "b": 0.0,
                "a": 0.501960813999176
            },
            "DarkFireBoostedColor": {
                "r": 1.0,
                "g": 0.23511335253715516,
                "b": 1.0,
                "a": 0.501960813999176
            },
            "BoostedThreshold": 18.0,
            "BoostLimit": 28.0,
            "RocketOffset": {
                "x": -0.24300000071525575,
                "y": 0.1600000113248825,
                "z": -0.8100000619888306
            },
            "RocketScale": {
                "x": 0.17400027811527253,
                "y": 0.17400027811527253,
                "z": 0.17400027811527253
            },
            "RocketRotation": {
                "x": 291.7904052734375,
                "y": -0.000006830199708929285,
                "z": 0.000006830199708929285
            }
        },
        {
            "FireNormalColor": {
                "r": 1.0,
                "g": 0.6222895383834839,
                "b": 0.12735849618911744,
                "a": 0.501960813999176
            },
            "FireBoostedColor": {
                "r": 1.0,
                "g": 0.6222895383834839,
                "b": 1.0,
                "a": 0.501960813999176
            },
            "DarkFireNormalColor": {
                "r": 1.0,
                "g": 0.23511335253715516,
                "b": 0.0,
                "a": 0.501960813999176
            },
            "DarkFireBoostedColor": {
                "r": 1.0,
                "g": 0.23511335253715516,
                "b": 1.0,
                "a": 0.501960813999176
            },
            "BoostedThreshold": 18.0,
            "BoostLimit": 28.0,
            "RocketOffset": {
                "x": 0.24300000071525575,
                "y": 0.1600000113248825,
                "z": -0.8100000619888306
            },
            "RocketScale": {
                "x": 0.17400027811527253,
                "y": 0.17400027811527253,
                "z": 0.17400027811527253
            },
            "RocketRotation": {
                "x": 291.7904052734375,
                "y": -0.000006830199708929285,
                "z": 0.000006830199708929285
            }
        }
    ],
    "AllLights": [
        {
            "LightIndex": "headlight",
            "LightType": "spot",
            "LightAngle": 72.30000305175781,
            "LightRange": 0.0,
            "LightPower": 10.0,
            "LightColor": {
                "r": 1.0,
                "g": 0.8746620416641235,
                "b": 0.37264150381088259,
                "a": 1.0
            },
            "LightOffset": {
                "x": 0.25199997425079348,
                "y": 0.4189999997615814,
                "z": 0.4580000042915344
            },
            "LightRotation": {
                "x": 14.99997329711914,
                "y": 0.0,
                "z": 0.0
            }
        },
        {
            "LightIndex": "headlight",
            "LightType": "spot",
            "LightAngle": 72.30000305175781,
            "LightRange": 0.0,
            "LightPower": 10.0,
            "LightColor": {
                "r": 1.0,
                "g": 0.8746620416641235,
                "b": 0.37264150381088259,
                "a": 1.0
            },
            "LightOffset": {
                "x": -0.25200000405311587,
                "y": 0.4189999997615814,
                "z": 0.4580000042915344
            },
            "LightRotation": {
                "x": 14.99997329711914,
                "y": 0.0,
                "z": 0.0
            }
        }
    ],
    "AllDecals": []
}
