{
    "BaseStats": {
        "Name": "Raven",
        "ManufacturerName": "Vigilante",
        "Type": 0,
        "Mass": 1100.0,
        "MagnetStrength": 1.399999976158142,
        "MagnetDistance": 80.0,
        "TurningDecay": 2.0,
        "OverTurningDecayMultiplier": 2.0,
        "DragCoefficient": 0.08500000089406967,
        "AngularDragCoefficient": 0.3499999940395355,
        "CollisionCooldownTime": 1.0,
        "WaterAffinity": 0.3,
        "IsColorable": true,
        "DefaultColor": {
            "r": 0.4313725531101227,
            "g": 0.658823549747467,
            "b": 0.7882353067398071,
            "a": 1.0
        },
        "CarDecals": [
            {
                "Name": "Meta Cheese",
                "FileName": "Cheese",
                "Hidden": false
            }
        ],
        "EquippedDecal": "",
        "CarRarity": 0,
        "MinRarity": 0,
        "CenterOffset": {
            "x": 0.0,
            "y": 0.0,
            "z": 0.056
        }
    },
    "StockStats": {
        "Grip": 3.3,
        "BrakePower": 32.0,
        "TurningSpeed": 3.0,
        "TurningSpeedMax": 0.3,
        "AirBrakePower": 0.6,
        "AirRotationSpeed": 2.0,
        "RocketPower": 6.0,
        "DriftBoost": 20.0,
        "TopSpeed": 64.0,
        "ZeroPowerSpeed": 75.0
    },
    "MaxedStats": {
        "Grip": 0.0,
        "BrakePower": 0.0,
        "TurningSpeed": 0.0,
        "TurningSpeedMax": 0.0,
        "AirBrakePower": 0.0,
        "AirRotationSpeed": 0.0,
        "RocketPower": 0.0,
        "DriftBoost": 0.0,
        "TopSpeed": 0.0,
        "ZeroPowerSpeed": 0.0
    },
    "Upgrades": {
        "Upgradeable": true,
        "Upgrades": [
            {
                "UpgradeName": "Rudder",
                "UpgradeStats": [
                    "TurningSpeed"
                ],
                "UpgradeWeights": [
                    1.0
                ],
                "Equipped": false,
                "Bought": false,
                "MinimumRarity": 0
            },
            {
                "UpgradeName": "Side Intakes",
                "UpgradeStats": [
                    "DriftBoost"
                ],
                "UpgradeWeights": [
                    3.0
                ],
                "Equipped": false,
                "Bought": false,
                "MinimumRarity": 0
            },
            {
                "UpgradeName": "Aero Package",
                "UpgradeStats": [
                    "AirRotationSpeed",
                    "AirBrakePower"
                ],
                "UpgradeWeights": [
                    1.0,
                    0.4000000059604645
                ],
                "Equipped": false,
                "Bought": false,
                "MinimumRarity": 0
            },
            {
                "UpgradeName": "Aftermarket Rockets",
                "UpgradeStats": [
                    "RocketPower"
                ],
                "UpgradeWeights": [
                    14.0
                ],
                "Equipped": false,
                "Bought": false,
                "MinimumRarity": 0
            },
            {
                "UpgradeName": "Upgraded Intakes",
                "UpgradeStats": [
                    "TopSpeed",
                    "ZeroPowerSpeed"
                ],
                "UpgradeWeights": [
                    10.0,
                    25.0
                ],
                "Equipped": false,
                "Bought": false,
                "MinimumRarity": 0
            },
            {
                "UpgradeName": "Race Tires",
                "UpgradeStats": [
                    "Grip"
                ],
                "UpgradeWeights": [
                    1.0
                ],
                "Equipped": false,
                "Bought": false,
                "MinimumRarity": 0
            },
            {
                "UpgradeName": "AeroFin",
                "UpgradeStats": [
                    "TurningSpeed"
                ],
                "UpgradeWeights": [
                    2.0
                ],
                "Equipped": false,
                "Bought": false,
                "MinimumRarity": 3
            },
            {
                "UpgradeName": "Sideways Aero Intakes",
                "UpgradeStats": [
                    "DriftBoost"
                ],
                "UpgradeWeights": [
                    6.0
                ],
                "Equipped": false,
                "Bought": false,
                "MinimumRarity": 3
            },
            {
                "UpgradeName": "Stunt Package",
                "UpgradeStats": [
                    "AirRotationSpeed",
                    "AirBrakePower"
                ],
                "UpgradeWeights": [
                    2.0,
                    0.4000000059604645
                ],
                "Equipped": false,
                "Bought": false,
                "MinimumRarity": 5
            },
            {
                "UpgradeName": "Afterburners",
                "UpgradeStats": [
                    "RocketPower"
                ],
                "UpgradeWeights": [
                    14.0
                ],
                "Equipped": false,
                "Bought": false,
                "MinimumRarity": 2
            },
            {
                "UpgradeName": "Streamlined Aero",
                "UpgradeStats": [
                    "TopSpeed",
                    "ZeroPowerSpeed"
                ],
                "UpgradeWeights": [
                    10.0,
                    25.0
                ],
                "Equipped": false,
                "Bought": false,
                "MinimumRarity": 4
            },
            {
                "UpgradeName": "Racing Slicks",
                "UpgradeStats": [
                    "Grip"
                ],
                "UpgradeWeights": [
                    4.0
                ],
                "Equipped": false,
                "Bought": false,
                "MinimumRarity": 5
            },
            {
                "UpgradeName": "Ultimate Package(Debug)",
                "UpgradeStats": [
                    "Grip",
                    "BrakePower",
                    "AirBrakePower",
                    "AirRotationSpeed",
                    "TurningSpeed",
                    "TurningSpeedMax",
                    "RocketPower",
                    "DriftBoost",
                    "TopSpeed",
                    "ZeroPowerSpeed"
                ],
                "UpgradeWeights": [
                    10.0,
                    20.0,
                    2.0,
                    10.0,
                    -0.10000000149011612,
                    0.20000000298023225,
                    30.0,
                    30.0,
                    40.0,
                    40.0
                ],
                "Equipped": false,
                "Bought": false,
                "MinimumRarity": 3
            }
        ]
    },
    "Customizations": {
        "CustomizationParts": [
            {
                "Name":"Crash Bar",
                "Type":3,
                "Equipped":false,
                "Purchased":false,
                "MinRarity":1,
                "Hidden":false,

                "CustomizationFileName":"CrashBar"
            },
            {
                "Name":"Flip-up headlights",
                "Type":0,
                "Equipped":false,
                "Purchased":false,
                "MinRarity":1,
                "Hidden":false,

                "CustomizationFileName":"Headlight"
            },
            {
                "Name":"Sport Wing",
                "Type":5,
                "Equipped":false,
                "Purchased":false,
                "MinRarity":1,
                "Hidden":false,

                "CustomizationFileName":"SportWing"
            },
            {
                "Name":"Proto Splitter",
                "Type":3,
                "Equipped":false,
                "Purchased":false,
                "MinRarity":5,
                "Hidden":true,

                "CustomizationFileName":"ProtoFBumper"
            },
            {
                "Name":"Proto Rear Flaps",
                "Type":4,
                "Equipped":false,
                "Purchased":false,
                "MinRarity":5,
                "Hidden":true,

                "CustomizationFileName":"ProtoRearFlaps"
            },
            {
                "Name":"Proto Twin-Tails",
                "Type":5,
                "Equipped":false,
                "Purchased":false,
                "MinRarity":5,
                "Hidden":true,

                "CustomizationFileName":"ProtoWing"
            }         
        ]
    },
    "CarColor": {
        "r": 0.4313724935054779,
        "g": 0.6603773832321167,
        "b": 0.7882353067398071,
        "a": 1.0
    },
    "AllWheels": [
        {
            "WheelMeshName": "default",
            "IsSteering": false,
            "MaxSteerAngle": 0.0,
            "WheelRadius": 0.3474999964237213,
            "SteerLerpSpeed": 0.0,
            "WheelType": 2,
            "SuspensionStiffness": 900000.0,
            "SuspensionDamping": 120000.0,
            "SuspensionTravel": 0.20000000298023225,
            "SuspensionRestLength": 0.07999999821186066,
            "WheelThickness": 0.7400000095367432,
            "WheelOffset": {
                "x": -0.3400000035762787,
                "y": 0.2199999988079071,
                "z": -1.225000023841858
            }
        },
        {
            "WheelMeshName": "default",
            "IsSteering": false,
            "MaxSteerAngle": 0.0,
            "WheelRadius": 0.3474999964237213,
            "SteerLerpSpeed": 0.0,
            "WheelType": 2,
            "SuspensionStiffness": 900000.0,
            "SuspensionDamping": 120000.0,
            "SuspensionTravel": 0.20000000298023225,
            "SuspensionRestLength": 0.07999999821186066,
            "WheelThickness": 0.7400000095367432,
            "WheelOffset": {
                "x": 0.3400000035762787,
                "y": 0.2199999988079071,
                "z": -1.225000023841858
            }
        },
        {
            "WheelMeshName": "default",
            "IsSteering": true,
            "MaxSteerAngle": 15.0,
            "WheelRadius": 0.15396499633789063,
            "SteerLerpSpeed": 250.0,
            "WheelType": 0,
            "SuspensionStiffness": 450000.0,
            "SuspensionDamping": 60000.0,
            "SuspensionTravel": 0.20000000298023225,
            "SuspensionRestLength": 0.07000000029802323,
            "WheelThickness": 0.42065542936325076,
            "WheelOffset": {
                "x": -0.4390000104904175,
                "y": 0.020999999716877939,
                "z": 0.6470000147819519
            }
        },
        {
            "WheelMeshName": "default",
            "IsSteering": true,
            "MaxSteerAngle": 15.0,
            "WheelRadius": 0.15396499633789063,
            "SteerLerpSpeed": 250.0,
            "WheelType": 0,
            "SuspensionStiffness": 450000.0,
            "SuspensionDamping": 60000.0,
            "SuspensionTravel": 0.20000000298023225,
            "SuspensionRestLength": 0.07000000029802323,
            "WheelThickness": 0.42065542936325076,
            "WheelOffset": {
                "x": 0.4390000104904175,
                "y": 0.020999999716877939,
                "z": 0.6470000147819519
            }
        },
        {
            "WheelMeshName": "default",
            "IsSteering": true,
            "MaxSteerAngle": 15.0,
            "WheelRadius": 0.15396499633789063,
            "SteerLerpSpeed": 250.0,
            "WheelType": 0,
            "SuspensionStiffness": 450000.0,
            "SuspensionDamping": 60000.0,
            "SuspensionTravel": 0.20000000298023225,
            "SuspensionRestLength": 0.07000000029802323,
            "WheelThickness": 0.42065542936325076,
            "WheelOffset": {
                "x": -0.4390000104904175,
                "y": 0.020999999716877939,
                "z": 0.328000009059906
            }
        },
        {
            "WheelMeshName": "default",
            "IsSteering": true,
            "MaxSteerAngle": 15.0,
            "WheelRadius": 0.15396499633789063,
            "SteerLerpSpeed": 250.0,
            "WheelType": 0,
            "SuspensionStiffness": 450000.0,
            "SuspensionDamping": 60000.0,
            "SuspensionTravel": 0.20000000298023225,
            "SuspensionRestLength": 0.07000000029802323,
            "WheelThickness": 0.42065542936325076,
            "WheelOffset": {
                "x": 0.4390000104904175,
                "y": 0.020999999716877939,
                "z": 0.328000009059906
            }
        }
    ],
    "AllRockets": [
        {
            "FireNormalColor": {
                "r": 1.0,
                "g": 0.6222895383834839,
                "b": 0.12735849618911744,
                "a": 0.501960813999176
            },
            "FireBoostedColor": {
                "r": 1.0,
                "g": 0.6222895383834839,
                "b": 1.0,
                "a": 0.501960813999176
            },
            "DarkFireNormalColor": {
                "r": 1.0,
                "g": 0.23511335253715516,
                "b": 0.0,
                "a": 0.501960813999176
            },
            "DarkFireBoostedColor": {
                "r": 1.0,
                "g": 0.23511335253715516,
                "b": 1.0,
                "a": 0.501960813999176
            },
            "BoostedThreshold": 25.0,
            "BoostLimit": 75.0,
            "RocketOffset": {
                "x": 0.0,
                "y": 0.10999999940395355,
                "z": -1.3539999723434449
            },
            "RocketScale": {
                "x": 0.2911796569824219,
                "y": 0.2911796569824219,
                "z": 0.2911796569824219
            },
            "RocketRotation": {
                "x": 270.0,
                "y": 0.0,
                "z": 0.0
            }
        }
    ],
    "AllLights": [
        {
            "LightIndex": "headlight",
            "LightType": "spot",
            "LightAngle": 72.30000305175781,
            "LightRange": 0.0,
            "LightPower": 100.0,
            "LightColor": {
                "r": 1.0,
                "g": 1.0,
                "b": 1.0,
                "a": 1.0
            },
            "LightOffset": {
                "x": 0.4320000112056732,
                "y": 0.1720000058412552,
                "z": 0.8799999952316284
            },
            "LightRotation": {
                "x": 14.99997329711914,
                "y": 0.0,
                "z": 0.0
            }
        },
        {
            "LightIndex": "headlight",
            "LightType": "spot",
            "LightAngle": 72.30000305175781,
            "LightRange": 0.0,
            "LightPower": 100.0,
            "LightColor": {
                "r": 1.0,
                "g": 1.0,
                "b": 1.0,
                "a": 1.0
            },
            "LightOffset": {
                "x": -0.4320000112056732,
                "y": 0.1720000058412552,
                "z": 0.8799999952316284
            },
            "LightRotation": {
                "x": 14.99997329711914,
                "y": 0.0,
                "z": 0.0
            }
        },
        {
            "LightIndex": "taillight",
            "LightType": "spot",
            "LightAngle": 72.30000305175781,
            "LightRange": 0.0,
            "LightPower": 10.0,
            "LightColor": {
                "r": 1.0,
                "g": 0.0,
                "b": 0.0,
                "a": 1.0
            },
            "LightOffset": {
                "x": -0.38600000739097597,
                "y": 0.6600000262260437,
                "z": -1.2549999952316285
            },
            "LightRotation": {
                "x": 15.000001907348633,
                "y": 180.0,
                "z": 1.053680797127865e-13
            }
        },
        {
            "LightIndex": "taillight",
            "LightType": "spot",
            "LightAngle": 72.30000305175781,
            "LightRange": 0.0,
            "LightPower": 10.0,
            "LightColor": {
                "r": 1.0,
                "g": 0.0,
                "b": 0.0,
                "a": 1.0
            },
            "LightOffset": {
                "x": 0.38600000739097597,
                "y": 0.6600000262260437,
                "z": -1.2549999952316285
            },
            "LightRotation": {
                "x": 15.000001907348633,
                "y": 180.0,
                "z": 1.053680797127865e-13
            }
        }
    ],
    "AllDecals": []
}