{
    "BaseStats": {
        "Name": "Sparrow",
        "ManufacturerName": "Vigilante",
        "Type": 0,
        "Mass": 1000.0,
        "MagnetStrength": 2.0,
        "MagnetDistance": 80.0,
        "TurningDecay": 120.0,
        "OverTurningDecayMultiplier": 3.0,
        "DragCoefficient": 0.14000000059604646,
        "AngularDragCoefficient": 0.4000000059604645,
        "CollisionCooldownTime": 0.5,
        "IsColorable": false,
        "DefaultColor": {
            "r": 0.5,
            "g": 0.800000011920929,
            "b": 0.800000011920929,
            "a": 1.0
        },
        "CarRarity": 0,
        "MinRarity": 0,
        "CenterOffset": {
            "x": 0.0,
            "y": 0.0,
            "z": 0.1
        }
    },
    "StockStats": {
        "Grip": 3.0,
        "BrakePower": 30.0,
        "TurningSpeed": 2.8,
        "TurningSpeedMax": 0.20000000149011612,
        "AirBrakePower": 0.85,
        "AirRotationSpeed": 4.0,
        "RocketPower": 7.5,
        "DriftBoost": 20.0,
        "TopSpeed": 60.0,
        "ZeroPowerSpeed": 95.0
    },
    "MaxedStats": {
        "Grip": 0.0,
        "BrakePower": 0.0,
        "TurningSpeed": 0.0,
        "TurningSpeedMax": 0.0,
        "AirBrakePower": 0.0,
        "AirRotationSpeed": 0.0,
        "RocketPower": 0.0,
        "DriftBoost": 0.0,
        "TopSpeed": 0.0,
        "ZeroPowerSpeed": 0.0
    },
    "Upgrades": {
        "Upgradeable": true,
        "Upgrades": [
            {
                "UpgradeName": "Rudder",
                "UpgradeStats": [
                    "TurningSpeed"
                ],
                "UpgradeWeights": [
                    1.0
                ],
                "Equipped": false,
                "Bought": false,
                "MinimumRarity": 0
            },
            {
                "UpgradeName": "Side Intakes",
                "UpgradeStats": [
                    "DriftBoost"
                ],
                "UpgradeWeights": [
                    3.0
                ],
                "Equipped": false,
                "Bought": false,
                "MinimumRarity": 0
            },
            {
                "UpgradeName": "Aero Package",
                "UpgradeStats": [
                    "AirRotationSpeed",
                    "AirBrakePower"
                ],
                "UpgradeWeights": [
                    1.0,
                    0.4000000059604645
                ],
                "Equipped": false,
                "Bought": false,
                "MinimumRarity": 0
            },
            {
                "UpgradeName": "Aftermarket Rockets",
                "UpgradeStats": [
                    "RocketPower"
                ],
                "UpgradeWeights": [
                    14.0
                ],
                "Equipped": false,
                "Bought": false,
                "MinimumRarity": 0
            },
            {
                "UpgradeName": "Upgraded Intakes",
                "UpgradeStats": [
                    "TopSpeed",
                    "ZeroPowerSpeed"
                ],
                "UpgradeWeights": [
                    10.0,
                    25.0
                ],
                "Equipped": false,
                "Bought": false,
                "MinimumRarity": 0
            },
            {
                "UpgradeName": "Race Tires",
                "UpgradeStats": [
                    "Grip"
                ],
                "UpgradeWeights": [
                    1.0
                ],
                "Equipped": false,
                "Bought": false,
                "MinimumRarity": 0
            },
            {
                "UpgradeName": "AeroFin",
                "UpgradeStats": [
                    "TurningSpeed"
                ],
                "UpgradeWeights": [
                    2.0
                ],
                "Equipped": false,
                "Bought": false,
                "MinimumRarity": 3
            },
            {
                "UpgradeName": "Sideways Aero Intakes",
                "UpgradeStats": [
                    "DriftBoost"
                ],
                "UpgradeWeights": [
                    6.0
                ],
                "Equipped": false,
                "Bought": false,
                "MinimumRarity": 3
            },
            {
                "UpgradeName": "Stunt Package",
                "UpgradeStats": [
                    "AirRotationSpeed",
                    "AirBrakePower"
                ],
                "UpgradeWeights": [
                    2.0,
                    0.4000000059604645
                ],
                "Equipped": false,
                "Bought": false,
                "MinimumRarity": 5
            },
            {
                "UpgradeName": "Afterburners",
                "UpgradeStats": [
                    "RocketPower"
                ],
                "UpgradeWeights": [
                    14.0
                ],
                "Equipped": false,
                "Bought": false,
                "MinimumRarity": 2
            },
            {
                "UpgradeName": "Streamlined Aero",
                "UpgradeStats": [
                    "TopSpeed",
                    "ZeroPowerSpeed"
                ],
                "UpgradeWeights": [
                    10.0,
                    25.0
                ],
                "Equipped": false,
                "Bought": false,
                "MinimumRarity": 4
            },
            {
                "UpgradeName": "Racing Slicks",
                "UpgradeStats": [
                    "Grip"
                ],
                "UpgradeWeights": [
                    4.0
                ],
                "Equipped": false,
                "Bought": false,
                "MinimumRarity": 5
            },
            {
                "UpgradeName": "Ultimate Package(Debug)",
                "UpgradeStats": [
                    "Grip",
                    "BrakePower",
                    "AirBrakePower",
                    "AirRotationSpeed",
                    "TurningSpeed",
                    "TurningSpeedMax",
                    "RocketPower",
                    "DriftBoost",
                    "TopSpeed",
                    "ZeroPowerSpeed"
                ],
                "UpgradeWeights": [
                    10.0,
                    20.0,
                    2.0,
                    10.0,
                    -0.10000000149011612,
                    0.20000000298023225,
                    30.0,
                    30.0,
                    40.0,
                    40.0
                ],
                "Equipped": false,
                "Bought": false,
                "MinimumRarity": 3
            }
        ]
    },
    "Customizations": {
        "CustomizationParts": [
          {
          "Name":"Aero Fins",
          "Type":0,
          "Equipped":false,
          "Purchased":false,
          "MinRarity":0,
          "Hidden":false,

          "CustomizationFileName":"FenderFins"
        },
          {
          "Name":"Rear Aero Fins",
          "Type":5,
          "Equipped":false,
          "Purchased":false,
          "MinRarity":0,
          "Hidden":false,

          "CustomizationFileName":"FinnedWing"
        },
        {
        "Name":"Carbon Aero Fins",
        "Type":0,
        "Equipped":false,
        "Purchased":false,
        "MinRarity":0,
        "Hidden":false,

        "CustomizationFileName":"FenderFinsCF"
      },
      {
      "Name":"Carbon Rear Aero Fins",
      "Type":5,
      "Equipped":false,
      "Purchased":false,
      "MinRarity":0,
      "Hidden":false,

      "CustomizationFileName":"FinnedWingCF"
      },
      {
      "Name":"Devil Fin",
      "Type":5,
      "Equipped":false,
      "Purchased":false,
      "MinRarity":5,
      "Hidden":true,

      "CustomizationFileName":"DevilFin"
      },
      {
      "Name":"Devil Horns",
      "Type":0,
      "Equipped":false,
      "Purchased":false,
      "MinRarity":5,
      "Hidden":true,

      "CustomizationFileName":"DevilHorns"
      },
      {
      "Name":"Devil Diffuser",
      "Type":4,
      "Equipped":false,
      "Purchased":false,
      "MinRarity":5,
      "Hidden":true,

      "CustomizationFileName":"DevilRBumper"
      }
      ]
    },
    "CarColor": {
        "r": 0.5,
        "g": 0.800000011920929,
        "b": 0.800000011920929,
        "a": 1.0
    },
    "AllWheels": [
        {
            "WheelMeshName": "",
            "IsSteering": false,
            "MaxSteerAngle": 0.0,
            "WheelRadius": 0.2800000011920929,
            "SteerLerpSpeed": 0.0,
            "WheelType": 2,
            "SuspensionStiffness": 1000000.0,
            "SuspensionDamping": 120000.0,
            "SuspensionTravel": 0.14000000059604646,
            "SuspensionRestLength": 0.07000000029802323,
            "WheelThickness": 0.6200000047683716,
            "WheelOffset": {
                "x": -0.5139999985694885,
                "y": 0.04999994486570358,
                "z": -1.3019999265670777
            }
        },
        {
            "WheelMeshName": "",
            "IsSteering": false,
            "MaxSteerAngle": 0.0,
            "WheelRadius": 0.2800000011920929,
            "SteerLerpSpeed": 0.0,
            "WheelType": 2,
            "SuspensionStiffness": 1000000.0,
            "SuspensionDamping": 120000.0,
            "SuspensionTravel": 0.14000000059604646,
            "SuspensionRestLength": 0.07000000029802323,
            "WheelThickness": 0.6000000238418579,
            "WheelOffset": {
                "x": 0.5139999985694885,
                "y": 0.04999994486570358,
                "z": -1.3020000457763672
            }
        },
        {
            "WheelMeshName": "",
            "IsSteering": true,
            "MaxSteerAngle": 45.0,
            "WheelRadius": 0.2800000011920929,
            "SteerLerpSpeed": 250.0,
            "WheelType": 0,
            "SuspensionStiffness": 1000000.0,
            "SuspensionDamping": 120000.0,
            "SuspensionTravel": 0.14000000059604646,
            "SuspensionRestLength": 0.07000000029802323,
            "WheelThickness": 0.5,
            "WheelOffset": {
                "x": -0.5270000100135803,
                "y": 0.05000000074505806,
                "z": 1.1519999504089356
            }
        },
        {
            "WheelMeshName": "",
            "IsSteering": true,
            "MaxSteerAngle": 45.0,
            "WheelRadius": 0.2800000011920929,
            "SteerLerpSpeed": 250.0,
            "WheelType": 0,
            "SuspensionStiffness": 1000000.0,
            "SuspensionDamping": 120000.0,
            "SuspensionTravel": 0.14000000059604646,
            "SuspensionRestLength": 0.07000000029802323,
            "WheelThickness": 0.5,
            "WheelOffset": {
                "x": 0.5270000100135803,
                "y": 0.04999994486570358,
                "z": 1.152000069618225
            }
        }
    ],
    "AllRockets": [
        {
            "FireNormalColor": {
                "r": 1.0,
                "g": 0.6222895383834839,
                "b": 0.12735849618911744,
                "a": 0.501960813999176
            },
            "FireBoostedColor": {
                "r": 1.0,
                "g": 0.6222895383834839,
                "b": 1.0,
                "a": 0.501960813999176
            },
            "DarkFireNormalColor": {
                "r": 1.0,
                "g": 0.23511335253715516,
                "b": 0.0,
                "a": 0.501960813999176
            },
            "DarkFireBoostedColor": {
                "r": 1.0,
                "g": 0.23511335253715516,
                "b": 1.0,
                "a": 0.501960813999176
            },
            "BoostedThreshold": 18.0,
            "BoostLimit": 28.0,
            "RocketOffset": {
                "x": -0.139,
                "y": 0.194,
                "z": -1.606
            },
            "RocketScale": {
                "x": 0.2,
                "y": 0.2,
                "z": 0.2
            },
            "RocketRotation": {
                "x": 270.0,
                "y": 0.0,
                "z": 0.0
            }
        },
        {
            "FireNormalColor": {
                "r": 1.0,
                "g": 0.6222895383834839,
                "b": 0.12735849618911744,
                "a": 0.501960813999176
            },
            "FireBoostedColor": {
                "r": 1.0,
                "g": 0.6222895383834839,
                "b": 1.0,
                "a": 0.501960813999176
            },
            "DarkFireNormalColor": {
                "r": 1.0,
                "g": 0.23511335253715516,
                "b": 0.0,
                "a": 0.501960813999176
            },
            "DarkFireBoostedColor": {
                "r": 1.0,
                "g": 0.23511335253715516,
                "b": 1.0,
                "a": 0.501960813999176
            },
            "BoostedThreshold": 18.0,
            "BoostLimit": 28.0,
            "RocketOffset": {
                "x": 0.139,
                "y": 0.194,
                "z": -1.606
            },
            "RocketScale": {
                "x": 0.2,
                "y": 0.2,
                "z": 0.2
            },
            "RocketRotation": {
                "x": 270.0,
                "y": 0.0,
                "z": 0.0
            }
        }
    ],
    "AllLights": [
        {
            "LightIndex": "headlight",
            "LightType": "spot",
            "LightAngle": 79.0999984741211,
            "LightRange": 0.0,
            "LightPower": 10.0,
            "LightColor": {
                "r": 0.7122641801834106,
                "g": 1.0,
                "b": 0.9801034331321716,
                "a": 1.0
            },
            "LightOffset": {
                "x": 0.4740000069141388,
                "y": -0.0689999982714653,
                "z": 1.6519999504089356
            },
            "LightRotation": {
                "x": 14.99997329711914,
                "y": 0.0,
                "z": 0.0
            }
        },
        {
            "LightIndex": "headlight",
            "LightType": "spot",
            "LightAngle": 79.0999984741211,
            "LightRange": 0.0,
            "LightPower": 10.0,
            "LightColor": {
                "r": 0.7122641801834106,
                "g": 1.0,
                "b": 0.9801034331321716,
                "a": 1.0
            },
            "LightOffset": {
                "x": -0.4740000069141388,
                "y": -0.0689999982714653,
                "z": 1.6519999504089356
            },
            "LightRotation": {
                "x": 14.99997329711914,
                "y": 0.0,
                "z": 0.0
            }
        }
    ]
}
