{
    "BaseStats": {
        "Name": "Spector",
        "ManufacturerName": "Bloodhound",
        "Type": 0,
        "Mass": 950.0,
        "MagnetStrength": 1.399999976158142,
        "MagnetDistance": 110.0,
        "TurningDecay": 70.0,
        "OverTurningDecayMultiplier": 1.0,
        "DragCoefficient": 0.075,
        "AngularDragCoefficient": 0.45,
        "CollisionCooldownTime": 1.0,
        "WaterAffinity": 0.20000000298023225,
        "IsColorable": false,
        "DefaultColor": {
            "r": 1.0,
            "g": 1.0,
            "b": 1.0,
            "a": 0.0
        },
        "CarDecals": [
            {
                "Name": "",
                "FileName": "",
                "Hidden": false
            }
        ],
        "EquippedDecal": "",
        "CarRarity": 0,
        "MinRarity": 2,
        "CenterOffset": {
            "x": 0.0,
            "y": -0.9900000095367432,
            "z": 0.3499999940395355
        }
    },
    "StockStats": {
        "Grip": 8.0,
        "BrakePower": 30.0,
        "TurningSpeed": 7.0,
        "TurningSpeedMax": 0.800000011920929,
        "AirBrakePower": 0.5,
        "AirRotationSpeed": 4.0,
        "RocketPower": 10.0,
        "DriftBoost": 0.0,
        "TopSpeed": 50.0,
        "ZeroPowerSpeed": 75.0
    },
    "MaxedStats": {
        "Grip": 0.0,
        "BrakePower": 0.0,
        "TurningSpeed": 0.0,
        "TurningSpeedMax": 0.0,
        "AirBrakePower": 0.0,
        "AirRotationSpeed": 0.0,
        "RocketPower": 0.0,
        "DriftBoost": 0.0,
        "TopSpeed": 0.0,
        "ZeroPowerSpeed": 0.0
    },
    "Upgrades": {
        "Upgradeable": false,
        "Upgrades": []
    },
    "Customizations": {
        "CustomizationParts": []
    },
    "CarColor": {
        "r": 1.0,
        "g": 1.0,
        "b": 1.0,
        "a": 1.0
    },
    "AllWheels": [
        {
            "WheelMeshName": "Main",
            "IsSteering": false,
            "MaxSteerAngle": 0.0,
            "WheelRadius": 0.25,
            "SteerLerpSpeed": 250.0,
            "WheelType": 2,
            "SuspensionStiffness": 900000.0,
            "SuspensionDamping": 120000.0,
            "SuspensionTravel": 0.3400000035762787,
            "SuspensionRestLength": 0.10999999940395355,
            "WheelThickness": 0.5299999713897705,
            "WheelOffset": {
                "x": -0.4480000138282776,
                "y": 0.05799999088048935,
                "z": -0.3569999933242798
            }
        },
        {
            "WheelMeshName": "Main",
            "IsSteering": false,
            "MaxSteerAngle": 0.0,
            "WheelRadius": 0.25,
            "SteerLerpSpeed": 250.0,
            "WheelType": 2,
            "SuspensionStiffness": 900000.0,
            "SuspensionDamping": 120000.0,
            "SuspensionTravel": 0.3400000035762787,
            "SuspensionRestLength": 0.10999999940395355,
            "WheelThickness": 0.5299999713897705,
            "WheelOffset": {
                "x": 0.4480000138282776,
                "y": 0.05799999088048935,
                "z": -0.3569999933242798
            }
        },
        {
            "WheelMeshName": "Main",
            "IsSteering": true,
            "MaxSteerAngle": 30.0,
            "WheelRadius": 0.25,
            "SteerLerpSpeed": 250.0,
            "WheelType": 0,
            "SuspensionStiffness": 1800000.0,
            "SuspensionDamping": 240000.0,
            "SuspensionTravel": 0.3700000047683716,
            "SuspensionRestLength": 0.10999999940395355,
            "WheelThickness": 0.43466293811798098,
            "WheelOffset": {
                "x": 0.0,
                "y": 0.057999998331069949,
                "z": 1.25600004196167
            }
        }
    ],
    "AllRockets": [
        {
            "FireNormalColor": {
                "r": 1.0,
                "g": 0.6222895383834839,
                "b": 0.12735849618911744,
                "a": 0.501960813999176
            },
            "FireBoostedColor": {
                "r": 1.0,
                "g": 0.6222895383834839,
                "b": 1.0,
                "a": 0.501960813999176
            },
            "DarkFireNormalColor": {
                "r": 1.0,
                "g": 0.23511335253715516,
                "b": 0.0,
                "a": 0.501960813999176
            },
            "DarkFireBoostedColor": {
                "r": 1.0,
                "g": 0.23511335253715516,
                "b": 1.0,
                "a": 0.501960813999176
            },
            "BoostedThreshold": 0.0,
            "BoostLimit": 0.0,
            "RocketOffset": {
                "x": 0.0,
                "y": 0.20499999821186067,
                "z": -0.8880000114440918
            },
            "RocketScale": {
                "x": 0.2831571102142334,
                "y": 0.2831571102142334,
                "z": 0.2831571102142334
            },
            "RocketRotation": {
                "x": 270.0,
                "y": 0.0,
                "z": 0.0
            }
        }
    ],
    "AllLights": [],
    "AllDecals": []
}