{
    "BaseStats": {
        "Name": "Ravager",
        "ManufacturerName": "Rocketeer",
        "Type": 0,
        "Mass": 1500.0,
        "MagnetStrength": 1.399999976158142,
        "MagnetDistance": 110.0,
        "TurningDecay": 70.0,
        "OverTurningDecayMultiplier": 1.0,
        "DragCoefficient": 0.1899999976158142,
        "AngularDragCoefficient": 0.4000000059604645,
        "CollisionCooldownTime": 0.20000000298023225,
        "WaterAffinity": 0.20000000298023225,
        "IsColorable": false,
        "DefaultColor": {
            "r": 1.0,
            "g": 1.0,
            "b": 1.0,
            "a": 0.0
        },
        "CarDecals": [],
        "EquippedDecal": "",
        "CarRarity": 0,
        "MinRarity": 2,
        "CenterOffset": {
            "x": 0.0,
            "y": -0.9900000095367432,
            "z": 0.0
        }
    },
    "StockStats": {
        "Grip": 2.4,
        "BrakePower": 27.0,
        "TurningSpeed": 3.5,
        "TurningSpeedMax": 0.5,
        "AirBrakePower": 0.75,
        "AirRotationSpeed": 4.2,
        "RocketPower": 26.0,
        "DriftBoost": 0.0,
        "TopSpeed": 65.0,
        "ZeroPowerSpeed": 75.0
    },
    "MaxedStats": {
        "Grip": 0.0,
        "BrakePower": 0.0,
        "TurningSpeed": 0.0,
        "TurningSpeedMax": 0.0,
        "AirBrakePower": 0.0,
        "AirRotationSpeed": 0.0,
        "RocketPower": 0.0,
        "DriftBoost": 0.0,
        "TopSpeed": 0.0,
        "ZeroPowerSpeed": 0.0
    },
    "Upgrades": {
        "Upgradeable": false,
        "Upgrades": []
    },
    "Customizations": {
        "CustomizationParts": [            
            {
                "Name":"Oval Racing Wing",
                "Type":5,
                "Equipped":false,
                "Purchased":false,
                "MinRarity":0,
                "Hidden":false,
      
                "CustomizationFileName":"OvalRacingWing"
              }
        ]
    },
    "CarColor": {
        "r": 1.0,
        "g": 1.0,
        "b": 1.0,
        "a": 1.0
    },
    "AllWheels": [
        {
            "WheelMeshName": "Main",
            "IsSteering": false,
            "MaxSteerAngle": 0.0,
            "WheelRadius": 0.25,
            "SteerLerpSpeed": 250.0,
            "WheelType": 2,
            "SuspensionStiffness": 900000.0,
            "SuspensionDamping": 120000.0,
            "SuspensionTravel": 0.3400000035762787,
            "SuspensionRestLength": 0.09000000357627869,
            "WheelThickness": 0.6249794960021973,
            "WheelOffset": {
                "x": -0.4099999964237213,
                "y": 0.10500004142522812,
                "z": -1.0180001258850098
            }
        },
        {
            "WheelMeshName": "Main",
            "IsSteering": false,
            "MaxSteerAngle": 0.0,
            "WheelRadius": 0.25,
            "SteerLerpSpeed": 250.0,
            "WheelType": 2,
            "SuspensionStiffness": 900000.0,
            "SuspensionDamping": 120000.0,
            "SuspensionTravel": 0.3400000035762787,
            "SuspensionRestLength": 0.09000000357627869,
            "WheelThickness": 0.6249794960021973,
            "WheelOffset": {
                "x": 0.4099999964237213,
                "y": 0.10500004142522812,
                "z": -1.0180001258850098
            }
        },
        {
            "WheelMeshName": "Main",
            "IsSteering": true,
            "MaxSteerAngle": 45.0,
            "WheelRadius": 0.25,
            "SteerLerpSpeed": 250.0,
            "WheelType": 0,
            "SuspensionStiffness": 900000.0,
            "SuspensionDamping": 120000.0,
            "SuspensionTravel": 0.3700000047683716,
            "SuspensionRestLength": 0.07999999821186066,
            "WheelThickness": 0.43466293811798098,
            "WheelOffset": {
                "x": -0.4490000009536743,
                "y": 0.10500004142522812,
                "z": 0.8230000138282776
            }
        },
        {
            "WheelMeshName": "Main",
            "IsSteering": true,
            "MaxSteerAngle": 45.0,
            "WheelRadius": 0.25,
            "SteerLerpSpeed": 250.0,
            "WheelType": 0,
            "SuspensionStiffness": 900000.0,
            "SuspensionDamping": 120000.0,
            "SuspensionTravel": 0.3700000047683716,
            "SuspensionRestLength": 0.07999999821186066,
            "WheelThickness": 0.43466293811798098,
            "WheelOffset": {
                "x": 0.4490000009536743,
                "y": 0.10500004142522812,
                "z": 0.8230000138282776
            }
        }
    ],
    "AllRockets": [
        {
            "FireNormalColor": {
                "r": 1.0,
                "g": 0.6222895383834839,
                "b": 0.12735849618911744,
                "a": 0.501960813999176
            },
            "FireBoostedColor": {
                "r": 1.0,
                "g": 0.6222895383834839,
                "b": 1.0,
                "a": 0.501960813999176
            },
            "DarkFireNormalColor": {
                "r": 1.0,
                "g": 0.23511335253715516,
                "b": 0.0,
                "a": 0.501960813999176
            },
            "DarkFireBoostedColor": {
                "r": 1.0,
                "g": 0.23511335253715516,
                "b": 1.0,
                "a": 0.501960813999176
            },
            "BoostedThreshold": 0.0,
            "BoostLimit": 0.0,
            "RocketOffset": {
                "x": 0.20399999618530274,
                "y": 0.2460000067949295,
                "z": -1.781000018119812
            },
            "RocketScale": {
                "x": 0.2831571102142334,
                "y": 0.2831571102142334,
                "z": 0.2831571102142334
            },
            "RocketRotation": {
                "x": 270.0,
                "y": 0.0,
                "z": 0.0
            }
        },
        {
            "FireNormalColor": {
                "r": 1.0,
                "g": 0.6222895383834839,
                "b": 0.12735849618911744,
                "a": 0.501960813999176
            },
            "FireBoostedColor": {
                "r": 1.0,
                "g": 0.6222895383834839,
                "b": 1.0,
                "a": 0.501960813999176
            },
            "DarkFireNormalColor": {
                "r": 1.0,
                "g": 0.23511335253715516,
                "b": 0.0,
                "a": 0.501960813999176
            },
            "DarkFireBoostedColor": {
                "r": 1.0,
                "g": 0.23511335253715516,
                "b": 1.0,
                "a": 0.501960813999176
            },
            "BoostedThreshold": 0.0,
            "BoostLimit": 0.0,
            "RocketOffset": {
                "x": -0.20399999618530274,
                "y": 0.24600008130073548,
                "z": -1.781000018119812
            },
            "RocketScale": {
                "x": 0.2831571102142334,
                "y": 0.2831571102142334,
                "z": 0.2831571102142334
            },
            "RocketRotation": {
                "x": 270.0,
                "y": 0.0,
                "z": 0.0
            }
        }
    ],
    "AllLights": [],
    "AllDecals": []
}