{
    "BaseStats": {
        "Name": "Raonlauncher",
        "ManufacturerName": "Kar",
        "Type": 0,
        "Mass": 300.0,
        "MagnetStrength": 2.0,
        "MagnetDistance": 80.0,
        "TurningDecay": 120.0,
        "OverTurningDecayMultiplier": 1.0,
        "DragCoefficient": 0.2199999988079071,
        "AngularDragCoefficient": 0.1599999964237213,
        "CollisionCooldownTime": 1.0,
        "WaterAffinity": 0.20000000298023225,
        "IsColorable": false,
        "DefaultColor": {
            "r": 1.0,
            "g": 1.0,
            "b": 1.0,
            "a": 0.0
        },
        "CarDecals": [
            {
                "Name": "",
                "FileName": "",
                "Hidden": false
            }
        ],
        "EquippedDecal": "",
        "CarRarity": 0,
        "MinRarity": 2,
        "CenterOffset": {
            "x": 0.0,
            "y": -0.9900000095367432,
            "z": 0.0
        }
    },
    "StockStats": {
        "Grip": 16.0,
        "BrakePower": 20.0,
        "TurningSpeed": 2.299999952316284,
        "TurningSpeedMax": 0.20000000298023225,
        "AirBrakePower": 0.6000000238418579,
        "AirRotationSpeed": 3.0,
        "RocketPower": 42.0,
        "DriftBoost": 13.0,
        "TopSpeed": 91.0999984741211,
        "ZeroPowerSpeed": 123.0
    },
    "MaxedStats": {
        "Grip": 0.0,
        "BrakePower": 0.0,
        "TurningSpeed": 0.0,
        "TurningSpeedMax": 0.0,
        "AirBrakePower": 0.0,
        "AirRotationSpeed": 0.0,
        "RocketPower": 0.0,
        "DriftBoost": 0.0,
        "TopSpeed": 0.0,
        "ZeroPowerSpeed": 0.0
    },
    "Upgrades": {
        "Upgradeable": false,
        "Upgrades": []
    },
    "Customizations": {
        "CustomizationParts": []
    },
    "CarColor": {
        "r": 1.0,
        "g": 1.0,
        "b": 1.0,
        "a": 1.0
    },
    "AllWheels": [
        {
            "WheelMeshName": "Main",
            "IsSteering": false,
            "MaxSteerAngle": 0.0,
            "WheelRadius": 0.27747219800949099,
            "SteerLerpSpeed": 250.0,
            "WheelType": 2,
            "SuspensionStiffness": 90000.0,
            "SuspensionDamping": 12000.0,
            "SuspensionTravel": 0.3400000035762787,
            "SuspensionRestLength": 0.09000000357627869,
            "WheelThickness": 0.4929310381412506,
            "WheelOffset": {
                "x": -0.3700000047683716,
                "y": -0.1599999964237213,
                "z": -0.6179999709129334
            }
        },
        {
            "WheelMeshName": "Main",
            "IsSteering": false,
            "MaxSteerAngle": 0.0,
            "WheelRadius": 0.27747219800949099,
            "SteerLerpSpeed": 250.0,
            "WheelType": 2,
            "SuspensionStiffness": 90000.0,
            "SuspensionDamping": 12000.0,
            "SuspensionTravel": 0.3400000035762787,
            "SuspensionRestLength": 0.09000000357627869,
            "WheelThickness": 0.4929310381412506,
            "WheelOffset": {
                "x": 0.3700000047683716,
                "y": -0.1599999964237213,
                "z": -0.6179999709129334
            }
        },
        {
            "WheelMeshName": "Main",
            "IsSteering": true,
            "MaxSteerAngle": 45.0,
            "WheelRadius": 0.198238804936409,
            "SteerLerpSpeed": 250.0,
            "WheelType": 0,
            "SuspensionStiffness": 90000.0,
            "SuspensionDamping": 12000.0,
            "SuspensionTravel": 0.3700000047683716,
            "SuspensionRestLength": 0.07999999821186066,
            "WheelThickness": 0.3318534195423126,
            "WheelOffset": {
                "x": -0.33500000834465029,
                "y": -0.23100000619888307,
                "z": 0.5570000410079956
            }
        },
        {
            "WheelMeshName": "Main",
            "IsSteering": true,
            "MaxSteerAngle": 45.0,
            "WheelRadius": 0.198238804936409,
            "SteerLerpSpeed": 250.0,
            "WheelType": 0,
            "SuspensionStiffness": 90000.0,
            "SuspensionDamping": 12000.0,
            "SuspensionTravel": 0.3700000047683716,
            "SuspensionRestLength": 0.07999999821186066,
            "WheelThickness": 0.3318534195423126,
            "WheelOffset": {
                "x": 0.33500000834465029,
                "y": -0.23100000619888307,
                "z": 0.5569999814033508
            }
        }
    ],
    "AllRockets": [],
    "AllLights": [],
    "AllDecals": []
}