{
    "BaseStats": {
        "Name": "Arrow",
        "ManufacturerName": "Bloodhound",
        "Type": 0,
        "Mass": 1000.0,
        "MagnetStrength": 3.0,
        "MagnetDistance": 80.0,
        "TurningDecay": 120.0,
        "OverTurningDecayMultiplier": 2.0,
        "DragCoefficient": 0.10000000149011612,
        "AngularDragCoefficient": 0.4000000059604645,
        "CollisionCooldownTime": 1.0,
        "WaterAffinity": 0.0,
        "IsColorable": true,
        "DefaultColor": {
            "r": 0.3908493220806122,
            "g": 0.3908493220806122,
            "b": 0.3908493220806122,
            "a": 1.0
        },
        "CarDecals": [
            {
                "Name": "",
                "FileName": "",
                "Hidden": false
            },
            {
                "Name": "Aquatic",
                "FileName": "Aquatic",
                "Hidden": false
            }
        ],
        "EquippedDecal": "",
        "CarRarity": 0,
        "MinRarity": 0,
        "CenterOffset": {
            "x": 0.0,
            "y": 0.0,
            "z": -0.02
        }
    },
    "StockStats": {
        "Grip": 6.3,
        "BrakePower": 22.0,
        "TurningSpeed": 2.000000476837159,
        "TurningSpeedMax": 0.35000000149011612,
        "AirBrakePower": 0.6000000238418579,
        "AirRotationSpeed": 6.0,
        "RocketPower": 7.8,
        "DriftBoost": 1.0,
        "TopSpeed": 63.0,
        "ZeroPowerSpeed": 75.0
    },
    "MaxedStats": {
        "Grip": 0.0,
        "BrakePower": 0.0,
        "TurningSpeed": 0.0,
        "TurningSpeedMax": 0.0,
        "AirBrakePower": 0.0,
        "AirRotationSpeed": 0.0,
        "RocketPower": 0.0,
        "DriftBoost": 0.0,
        "TopSpeed": 0.0,
        "ZeroPowerSpeed": 0.0
    },
    "Upgrades": {
        "Upgradeable": true,
        "Upgrades": [
            {
                "UpgradeName": "Rudder",
                "UpgradeStats": [
                    "TurningSpeed"
                ],
                "UpgradeWeights": [
                    1.0
                ],
                "Equipped": false,
                "Bought": false,
                "MinimumRarity": 0
            },
            {
                "UpgradeName": "Side Intakes",
                "UpgradeStats": [
                    "DriftBoost"
                ],
                "UpgradeWeights": [
                    3.0
                ],
                "Equipped": false,
                "Bought": false,
                "MinimumRarity": 0
            },
            {
                "UpgradeName": "Aero Package",
                "UpgradeStats": [
                    "AirRotationSpeed",
                    "AirBrakePower"
                ],
                "UpgradeWeights": [
                    1.0,
                    0.4000000059604645
                ],
                "Equipped": false,
                "Bought": false,
                "MinimumRarity": 0
            },
            {
                "UpgradeName": "Aftermarket Rockets",
                "UpgradeStats": [
                    "RocketPower"
                ],
                "UpgradeWeights": [
                    14.0
                ],
                "Equipped": false,
                "Bought": false,
                "MinimumRarity": 0
            },
            {
                "UpgradeName": "Upgraded Intakes",
                "UpgradeStats": [
                    "TopSpeed",
                    "ZeroPowerSpeed"
                ],
                "UpgradeWeights": [
                    10.0,
                    25.0
                ],
                "Equipped": false,
                "Bought": false,
                "MinimumRarity": 0
            },
            {
                "UpgradeName": "Race Tires",
                "UpgradeStats": [
                    "Grip"
                ],
                "UpgradeWeights": [
                    1.0
                ],
                "Equipped": false,
                "Bought": false,
                "MinimumRarity": 0
            },
            {
                "UpgradeName": "AeroFin",
                "UpgradeStats": [
                    "TurningSpeed"
                ],
                "UpgradeWeights": [
                    2.0
                ],
                "Equipped": false,
                "Bought": false,
                "MinimumRarity": 3
            },
            {
                "UpgradeName": "Sideways Aero Intakes",
                "UpgradeStats": [
                    "DriftBoost"
                ],
                "UpgradeWeights": [
                    6.0
                ],
                "Equipped": false,
                "Bought": false,
                "MinimumRarity": 3
            },
            {
                "UpgradeName": "Stunt Package",
                "UpgradeStats": [
                    "AirRotationSpeed",
                    "AirBrakePower"
                ],
                "UpgradeWeights": [
                    2.0,
                    0.4000000059604645
                ],
                "Equipped": false,
                "Bought": false,
                "MinimumRarity": 5
            },
            {
                "UpgradeName": "Afterburners",
                "UpgradeStats": [
                    "RocketPower"
                ],
                "UpgradeWeights": [
                    14.0
                ],
                "Equipped": false,
                "Bought": false,
                "MinimumRarity": 2
            },
            {
                "UpgradeName": "Streamlined Aero",
                "UpgradeStats": [
                    "TopSpeed",
                    "ZeroPowerSpeed"
                ],
                "UpgradeWeights": [
                    10.0,
                    25.0
                ],
                "Equipped": false,
                "Bought": false,
                "MinimumRarity": 4
            },
            {
                "UpgradeName": "Racing Slicks",
                "UpgradeStats": [
                    "Grip"
                ],
                "UpgradeWeights": [
                    4.0
                ],
                "Equipped": false,
                "Bought": false,
                "MinimumRarity": 5
            },
            {
                "UpgradeName": "Ultimate Package(Debug)",
                "UpgradeStats": [
                    "Grip",
                    "BrakePower",
                    "AirBrakePower",
                    "AirRotationSpeed",
                    "TurningSpeed",
                    "TurningSpeedMax",
                    "RocketPower",
                    "DriftBoost",
                    "TopSpeed",
                    "ZeroPowerSpeed"
                ],
                "UpgradeWeights": [
                    10.0,
                    20.0,
                    2.0,
                    10.0,
                    -0.10000000149011612,
                    0.20000000298023225,
                    30.0,
                    30.0,
                    40.0,
                    40.0
                ],
                "Equipped": false,
                "Bought": false,
                "MinimumRarity": 3
            }
        ]
    },
    "Customizations": {
        "CustomizationParts": [

                  {
                    "Name":"Stock Front Wing",
                    "Type":3,
                    "Equipped":true,
                    "Purchased":true,
                    "MinRarity":1,
                    "Hidden":false,

                    "CustomizationFileName":"AeroFinFrontWing"
                  },
                  {
                    "Name":"F1 Rear Wing",
                    "Type":5,
                    "Equipped":false,
                    "Purchased":false,
                    "MinRarity":0,
                    "Hidden":false,

                    "CustomizationFileName":"AeroFinRearWing"
                  },
                  {
                  "Name":"Aquatic Front Wing",
                  "Type":3,
                  "Equipped":false,
                  "Purchased":false,
                  "MinRarity":0,
                  "Hidden":true,

                  "CustomizationFileName":"AquaticFrontWing"
                  },
                  {
                  "Name":"Aquatic Fins",
                  "Type":2,
                  "Equipped":false,
                  "Purchased":false,
                  "MinRarity":0,
                  "Hidden":true,

                  "CustomizationFileName":"AquaticSkirts"
                  }

        ]
    },
    "CarColor": {
        "r": 0.3908493220806122,
        "g": 0.3908493220806122,
        "b": 0.3908493220806122,
        "a": 1.0
    },
    "AllWheels": [
        {
            "WheelMeshName": "Halo",
            "IsSteering": false,
            "MaxSteerAngle": 0.0,
            "WheelRadius": 0.2800000011920929,
            "SteerLerpSpeed": 0.0,
            "WheelType": 2,
            "SuspensionStiffness": 900000.0,
            "SuspensionDamping": 120000.0,
            "SuspensionTravel": 0.1599999964237213,
            "SuspensionRestLength": 0.11999999731779099,
            "WheelThickness": 0.7300000190734863,
            "WheelOffset": {
                "x": -0.4699999988079071,
                "y": -0.07000000029802323,
                "z": -1.1200000047683716
            }
        },
        {
            "WheelMeshName": "Halo",
            "IsSteering": false,
            "MaxSteerAngle": 0.0,
            "WheelRadius": 0.2800000011920929,
            "SteerLerpSpeed": 0.0,
            "WheelType": 2,
            "SuspensionStiffness": 900000.0,
            "SuspensionDamping": 120000.0,
            "SuspensionTravel": 0.1599999964237213,
            "SuspensionRestLength": 0.11999999731779099,
            "WheelThickness": 0.7300000190734863,
            "WheelOffset": {
                "x": 0.46000000834465029,
                "y": -0.07000000029802323,
                "z": -1.1200000047683716
            }
        },
        {
            "WheelMeshName": "Halo",
            "IsSteering": true,
            "MaxSteerAngle": 30.0,
            "WheelRadius": 0.2800000011920929,
            "SteerLerpSpeed": 300.0,
            "WheelType": 0,
            "SuspensionStiffness": 900000.0,
            "SuspensionDamping": 120000.0,
            "SuspensionTravel": 0.1599999964237213,
            "SuspensionRestLength": 0.11999999731779099,
            "WheelThickness": 0.550000011920929,
            "WheelOffset": {
                "x": 0.46000000834465029,
                "y": -0.07000000029802323,
                "z": 0.8799999952316284
            }
        },
        {
            "WheelMeshName": "Halo",
            "IsSteering": true,
            "MaxSteerAngle": 30.0,
            "WheelRadius": 0.2800000011920929,
            "SteerLerpSpeed": 300.0,
            "WheelType": 0,
            "SuspensionStiffness": 900000.0,
            "SuspensionDamping": 120000.0,
            "SuspensionTravel": 0.1599999964237213,
            "SuspensionRestLength": 0.11999999731779099,
            "WheelThickness": 0.550000011920929,
            "WheelOffset": {
                "x": -0.4699999988079071,
                "y": -0.07000000029802323,
                "z": 0.8799999952316284
            }
        }
    ],
    "AllRockets": [
        {
            "FireNormalColor": {
                "r": 1.0,
                "g": 0.6222895383834839,
                "b": 0.12735849618911744,
                "a": 0.501960813999176
            },
            "FireBoostedColor": {
                "r": 1.0,
                "g": 0.6222895383834839,
                "b": 1.0,
                "a": 0.501960813999176
            },
            "DarkFireNormalColor": {
                "r": 1.0,
                "g": 0.23511335253715516,
                "b": 0.0,
                "a": 0.501960813999176
            },
            "DarkFireBoostedColor": {
                "r": 1.0,
                "g": 0.23511335253715516,
                "b": 1.0,
                "a": 0.501960813999176
            },
            "BoostedThreshold": 18.0,
            "BoostLimit": 28.0,
            "RocketOffset": {
                "x": 0.0,
                "y": 0.0,
                "z": -1.371000051498413
            },
            "RocketScale": {
                "x": 0.20873287320137025,
                "y": 0.20873287320137025,
                "z": 0.20873287320137025
            },
            "RocketRotation": {
                "x": 90.0,
                "y": 180.0000457763672,
                "z": 0.0
            }
        }
    ],
    "AllLights": [
        {
            "LightIndex": "headlight",
            "LightType": "spot",
            "LightAngle": 106.08993530273438,
            "LightRange": 0.0,
            "LightPower": 1000.0,
            "LightColor": {
                "r": 1.0,
                "g": 1.0,
                "b": 1.0,
                "a": 1.0
            },
            "LightOffset": {
                "x": 0.4620000123977661,
                "y": -0.11400000005960465,
                "z": 1.5570000410079957
            },
            "LightRotation": {
                "x": 14.99997329711914,
                "y": 0.0,
                "z": 0.0
            }
        },
        {
            "LightIndex": "headlight",
            "LightType": "spot",
            "LightAngle": 106.08993530273438,
            "LightRange": 0.0,
            "LightPower": 1000.0,
            "LightColor": {
                "r": 1.0,
                "g": 1.0,
                "b": 1.0,
                "a": 1.0
            },
            "LightOffset": {
                "x": -0.4620000123977661,
                "y": -0.11400000005960465,
                "z": 1.5570000410079957
            },
            "LightRotation": {
                "x": 14.99997329711914,
                "y": 0.0,
                "z": 0.0
            }
        },
        {
            "LightIndex": "taillight",
            "LightType": "spot",
            "LightAngle": 59.30387878417969,
            "LightRange": 0.0,
            "LightPower": 25.0,
            "LightColor": {
                "r": 1.0,
                "g": 0.0,
                "b": 0.0,
                "a": 1.0
            },
            "LightOffset": {
                "x": 0.0,
                "y": 0.33500000834465029,
                "z": -1.378999948501587
            },
            "LightRotation": {
                "x": 14.5681734085083,
                "y": 180.0,
                "z": -0.000044034095481038094
            }
        }
    ],
    "AllDecals": []
}
