{
    "BaseStats": {
        "Name": "Eagle",
        "ManufacturerName": "Vigilante",
        "Type": 0,
        "Mass": 2000.0,
        "MagnetStrength": 1.5,
        "MagnetDistance": 80.0,
        "TurningDecay": 2.0,
        "OverTurningDecayMultiplier": 2.0,
        "DragCoefficient": 0.17000000894069672,
        "AngularDragCoefficient": 0.4000000059604645,
        "CollisionCooldownTime": 0.5,
        "IsColorable": false,
        "DefaultColor": {
            "r": 0.0,
            "g": 0.6000000238418579,
            "b": 0.8999999761581421,
            "a": 0.0
        },
        "CarRarity": 0,
        "MinRarity": 0,
        "CenterOffset": {
            "x": 0.0,
            "y": 0.0,
            "z": 0.11999999731779099
        }
    },
    "StockStats": {
        "Grip": 3.0,
        "BrakePower": 30.0,
        "TurningSpeed": 2.0,
        "TurningSpeedMax": 0.3000000059604645,
        "AirBrakePower": 0.800000011920929,
        "AirRotationSpeed": 2.0,
        "RocketPower": 11.0,
        "DriftBoost": 18.0,
        "TopSpeed": 60.0,
        "ZeroPowerSpeed": 75.0
    },
    "MaxedStats": {
        "Grip": 0.0,
        "BrakePower": 0.0,
        "TurningSpeed": 0.0,
        "TurningSpeedMax": 0.0,
        "AirBrakePower": 0.0,
        "AirRotationSpeed": 0.0,
        "RocketPower": 0.0,
        "DriftBoost": 0.0,
        "TopSpeed": 0.0,
        "ZeroPowerSpeed": 0.0
    },
    "Upgrades": {
        "Upgradeable": true,
        "Upgrades": [
            {
                "UpgradeName": "Rudder",
                "UpgradeStats": [
                    "TurningSpeed"
                ],
                "UpgradeWeights": [
                    1.0
                ],
                "Equipped": false,
                "Bought": false,
                "MinimumRarity": 0
            },
            {
                "UpgradeName": "Side Intakes",
                "UpgradeStats": [
                    "DriftBoost"
                ],
                "UpgradeWeights": [
                    3.0
                ],
                "Equipped": false,
                "Bought": false,
                "MinimumRarity": 0
            },
            {
                "UpgradeName": "Aero Package",
                "UpgradeStats": [
                    "AirRotationSpeed",
                    "AirBrakePower"
                ],
                "UpgradeWeights": [
                    1.0,
                    0.4000000059604645
                ],
                "Equipped": false,
                "Bought": false,
                "MinimumRarity": 0
            },
            {
                "UpgradeName": "Aftermarket Rockets",
                "UpgradeStats": [
                    "RocketPower"
                ],
                "UpgradeWeights": [
                    14.0
                ],
                "Equipped": false,
                "Bought": false,
                "MinimumRarity": 0
            },
            {
                "UpgradeName": "Upgraded Intakes",
                "UpgradeStats": [
                    "TopSpeed",
                    "ZeroPowerSpeed"
                ],
                "UpgradeWeights": [
                    10.0,
                    25.0
                ],
                "Equipped": false,
                "Bought": false,
                "MinimumRarity": 0
            },
            {
                "UpgradeName": "Race Tires",
                "UpgradeStats": [
                    "Grip"
                ],
                "UpgradeWeights": [
                    1.0
                ],
                "Equipped": false,
                "Bought": false,
                "MinimumRarity": 0
            },
            {
                "UpgradeName": "AeroFin",
                "UpgradeStats": [
                    "TurningSpeed"
                ],
                "UpgradeWeights": [
                    2.0
                ],
                "Equipped": false,
                "Bought": false,
                "MinimumRarity": 3
            },
            {
                "UpgradeName": "Sideways Aero Intakes",
                "UpgradeStats": [
                    "DriftBoost"
                ],
                "UpgradeWeights": [
                    6.0
                ],
                "Equipped": false,
                "Bought": false,
                "MinimumRarity": 3
            },
            {
                "UpgradeName": "Stunt Package",
                "UpgradeStats": [
                    "AirRotationSpeed",
                    "AirBrakePower"
                ],
                "UpgradeWeights": [
                    2.0,
                    0.4000000059604645
                ],
                "Equipped": false,
                "Bought": false,
                "MinimumRarity": 5
            },
            {
                "UpgradeName": "Afterburners",
                "UpgradeStats": [
                    "RocketPower"
                ],
                "UpgradeWeights": [
                    14.0
                ],
                "Equipped": false,
                "Bought": false,
                "MinimumRarity": 2
            },
            {
                "UpgradeName": "Streamlined Aero",
                "UpgradeStats": [
                    "TopSpeed",
                    "ZeroPowerSpeed"
                ],
                "UpgradeWeights": [
                    10.0,
                    25.0
                ],
                "Equipped": false,
                "Bought": false,
                "MinimumRarity": 4
            },
            {
                "UpgradeName": "Racing Slicks",
                "UpgradeStats": [
                    "Grip"
                ],
                "UpgradeWeights": [
                    4.0
                ],
                "Equipped": false,
                "Bought": false,
                "MinimumRarity": 5
            },
            {
                "UpgradeName": "Ultimate Package(Debug)",
                "UpgradeStats": [
                    "Grip",
                    "BrakePower",
                    "AirBrakePower",
                    "AirRotationSpeed",
                    "TurningSpeed",
                    "TurningSpeedMax",
                    "RocketPower",
                    "DriftBoost",
                    "TopSpeed",
                    "ZeroPowerSpeed"
                ],
                "UpgradeWeights": [
                    10.0,
                    20.0,
                    2.0,
                    10.0,
                    -0.10000000149011612,
                    0.20000000298023225,
                    30.0,
                    30.0,
                    40.0,
                    40.0
                ],
                "Equipped": false,
                "Bought": false,
                "MinimumRarity": 3
            }
        ]
    },
    "Customizations": {
        "CustomizationParts": [
          {
          "Name":"AeroFin Splitter",
          "Type":3,
          "Equipped":false,
          "Purchased":false,
          "MinRarity":0,
          "Hidden":false,

          "CustomizationFileName":"AeroFinSplitter"
        },
          {
          "Name":"AeroFin Diffuser",
          "Type":4,
          "Equipped":false,
          "Purchased":false,
          "MinRarity":0,
          "Hidden":false,

          "CustomizationFileName":"AeroFinDiffuser"
        },
        {
        "Name":"AeroFin Spoiler",
        "Type":5,
        "Equipped":false,
        "Purchased":false,
        "MinRarity":0,
        "Hidden":false,

        "CustomizationFileName":"AeroFinWing"
      }
      ]
    },
"CarColor": {
        "r": 0.41981130838394167,
        "g": 1.0,
        "b": 0.43755820393562319,
        "a": 1.0
    },
    "AllWheels": [
        {
            "WheelMeshName": "LowPoly",
            "IsSteering": false,
            "MaxSteerAngle": 10.0,
            "WheelRadius": 0.4099999964237213,
            "SteerLerpSpeed": 150.0,
            "WheelType": 2,
            "SuspensionStiffness": 900000.0,
            "SuspensionDamping": 120000.0,
            "SuspensionTravel": 0.20999999344348908,
            "SuspensionRestLength": 0.11999999731779099,
            "WheelThickness": 1.0,
            "WheelOffset": {
                "x": -0.550000011920929,
                "y": 0.0,
                "z": -0.9900000095367432
            }
        },
        {
            "WheelMeshName": "LowPoly",
            "IsSteering": false,
            "MaxSteerAngle": 10.0,
            "WheelRadius": 0.4099999964237213,
            "SteerLerpSpeed": 150.0,
            "WheelType": 2,
            "SuspensionStiffness": 900000.0,
            "SuspensionDamping": 120000.0,
            "SuspensionTravel": 0.20999999344348908,
            "SuspensionRestLength": 0.11999999731779099,
            "WheelThickness": 1.0,
            "WheelOffset": {
                "x": 0.550000011920929,
                "y": 0.0,
                "z": -0.9900000095367432
            }
        },
        {
            "WheelMeshName": "LowPoly",
            "IsSteering": true,
            "MaxSteerAngle": 50.0,
            "WheelRadius": 0.27000001072883608,
            "SteerLerpSpeed": 150.0,
            "WheelType": 0,
            "SuspensionStiffness": 900000.0,
            "SuspensionDamping": 120000.0,
            "SuspensionTravel": 0.20999999344348908,
            "SuspensionRestLength": 0.11999999731779099,
            "WheelThickness": 0.800000011920929,
            "WheelOffset": {
                "x": 0.550000011920929,
                "y": 0.0,
                "z": 0.8460000157356262
            }
        },
        {
            "WheelMeshName": "LowPoly",
            "IsSteering": true,
            "MaxSteerAngle": 50.0,
            "WheelRadius": 0.27000001072883608,
            "SteerLerpSpeed": 150.0,
            "WheelType": 0,
            "SuspensionStiffness": 900000.0,
            "SuspensionDamping": 120000.0,
            "SuspensionTravel": 0.20999999344348908,
            "SuspensionRestLength": 0.11999999731779099,
            "WheelThickness": 0.800000011920929,
            "WheelOffset": {
                "x": -0.550000011920929,
                "y": 0.0,
                "z": 0.8460000157356262
            }
        }
    ],
    "AllRockets": [
        {
            "FireNormalColor": {
                "r": 1.0,
                "g": 0.6222895383834839,
                "b": 0.12735849618911744,
                "a": 0.501960813999176
            },
            "FireBoostedColor": {
                "r": 1.0,
                "g": 0.6222895383834839,
                "b": 1.0,
                "a": 0.501960813999176
            },
            "DarkFireNormalColor": {
                "r": 1.0,
                "g": 0.23511335253715516,
                "b": 0.0,
                "a": 0.501960813999176
            },
            "DarkFireBoostedColor": {
                "r": 1.0,
                "g": 0.23511335253715516,
                "b": 1.0,
                "a": 0.501960813999176
            },
            "BoostedThreshold": 18.0,
            "BoostLimit": 28.0,
            "RocketOffset": {
                "x": 0.0,
                "y": 0.0839996337890625,
                "z": -1.2899999618530274
            },
            "RocketScale": {
                "x": 0.2831571102142334,
                "y": 0.2831571102142334,
                "z": 0.2831571102142334
            },
            "RocketRotation": {
                "x": 270.0,
                "y": 0.0,
                "z": 0.0
            }
        }
    ],
    "AllLights": [
        {
            "LightIndex": "headlight",
            "LightType": "spot",
            "LightAngle": 56.836395263671878,
            "LightRange": 0.0,
            "LightPower": 1000.0,
            "LightColor": {
                "r": 1.0,
                "g": 1.0,
                "b": 1.0,
                "a": 1.0
            },
            "LightOffset": {
                "x": 0.46700000762939455,
                "y": 0.11800000071525574,
                "z": 1.3899999856948853
            },
            "LightRotation": {
                "x": 0.0,
                "y": 0.0,
                "z": 0.0
            }
        },
        {
            "LightIndex": "headlight",
            "LightType": "spot",
            "LightAngle": 56.836395263671878,
            "LightRange": 0.0,
            "LightPower": 1000.0,
            "LightColor": {
                "r": 1.0,
                "g": 1.0,
                "b": 1.0,
                "a": 1.0
            },
            "LightOffset": {
                "x": -0.46700000762939455,
                "y": 0.11800000071525574,
                "z": 1.3899999856948853
            },
            "LightRotation": {
                "x": 0.0,
                "y": 0.0,
                "z": 0.0
            }
        },
        {
            "LightIndex": "taillight",
            "LightType": "spot",
            "LightAngle": 76.7637939453125,
            "LightRange": 0.0,
            "LightPower": 10.0,
            "LightColor": {
                "r": 1.0,
                "g": 0.0,
                "b": 0.0,
                "a": 1.0
            },
            "LightOffset": {
                "x": -0.4699999988079071,
                "y": 0.652999997138977,
                "z": -1.3509999513626099
            },
            "LightRotation": {
                "x": 38.22573471069336,
                "y": 179.99996948242188,
                "z": 179.99998474121095
            }
        },
        {
            "LightIndex": "taillight",
            "LightType": "spot",
            "LightAngle": 76.7637939453125,
            "LightRange": 0.0,
            "LightPower": 10.0,
            "LightColor": {
                "r": 1.0,
                "g": 0.0,
                "b": 0.0,
                "a": 1.0
            },
            "LightOffset": {
                "x": 0.46000000834465029,
                "y": 0.652999997138977,
                "z": -1.3509999513626099
            },
            "LightRotation": {
                "x": 38.22573471069336,
                "y": 179.99996948242188,
                "z": 179.99998474121095
            }
        }
    ]
}
